Cement,Blast furnace slag,Fly Ash,Water ,Superplasticizer,Coarse aggregate,Fine aggregate,Age,Concrete compressive strength
540.0 ,0.0 ,0.0 ,162.0 ,2.5 ,1040.0 ,676.0 ,28 ,8.00 
540.0 ,0.0 ,0.0 ,162.0 ,2.5 ,1055.0 ,676.0 ,28 ,6.19 
332.5 ,142.5 ,0.0 ,228.0 ,0.0 ,932.0 ,594.0 ,270 ,4.03 
332.5 ,142.5 ,0.0 ,228.0 ,0.0 ,932.0 ,594.0 ,365 ,4.11 
198.6 ,132.4 ,0.0 ,192.0 ,0.0 ,978.4 ,825.5 ,360 ,4.43 
266.0 ,114.0 ,0.0 ,228.0 ,0.0 ,932.0 ,670.0 ,90 ,4.70 
380.0 ,95.0 ,0.0 ,228.0 ,0.0 ,932.0 ,594.0 ,365 ,4.37 
380.0 ,95.0 ,0.0 ,228.0 ,0.0 ,932.0 ,594.0 ,28 ,3.64 
266.0 ,114.0 ,0.0 ,228.0 ,0.0 ,932.0 ,670.0 ,28 ,4.59 
475.0 ,0.0 ,0.0 ,228.0 ,0.0 ,932.0 ,594.0 ,28 ,3.93 
198.6 ,132.4 ,0.0 ,192.0 ,0.0 ,978.4 ,825.5 ,90 ,3.81 
198.6 ,132.4 ,0.0 ,192.0 ,0.0 ,978.4 ,825.5 ,28 ,2.80 
427.5 ,47.5 ,0.0 ,228.0 ,0.0 ,932.0 ,594.0 ,270 ,4.30 
190.0 ,190.0 ,0.0 ,228.0 ,0.0 ,932.0 ,670.0 ,90 ,4.23 
304.0 ,76.0 ,0.0 ,228.0 ,0.0 ,932.0 ,670.0 ,28 ,4.78 
380.0 ,0.0 ,0.0 ,228.0 ,0.0 ,932.0 ,670.0 ,90 ,5.29 
139.6 ,209.4 ,0.0 ,192.0 ,0.0 ,1047.0 ,806.9 ,90 ,3.94 
342.0 ,38.0 ,0.0 ,228.0 ,0.0 ,932.0 ,670.0 ,365 ,5.61 
380.0 ,95.0 ,0.0 ,228.0 ,0.0 ,932.0 ,594.0 ,90 ,4.06 
475.0 ,0.0 ,0.0 ,228.0 ,0.0 ,932.0 ,594.0 ,180 ,4.26 
427.5 ,47.5 ,0.0 ,228.0 ,0.0 ,932.0 ,594.0 ,180 ,4.18 
139.6 ,209.4 ,0.0 ,192.0 ,0.0 ,1047.0 ,806.9 ,28 ,2.82 
139.6 ,209.4 ,0.0 ,192.0 ,0.0 ,1047.0 ,806.9 ,3 ,0.81 
139.6 ,209.4 ,0.0 ,192.0 ,0.0 ,1047.0 ,806.9 ,180 ,4.42 
380.0 ,0.0 ,0.0 ,228.0 ,0.0 ,932.0 ,670.0 ,365 ,5.25 
380.0 ,0.0 ,0.0 ,228.0 ,0.0 ,932.0 ,670.0 ,270 ,5.33 
380.0 ,95.0 ,0.0 ,228.0 ,0.0 ,932.0 ,594.0 ,270 ,4.12 
342.0 ,38.0 ,0.0 ,228.0 ,0.0 ,932.0 ,670.0 ,180 ,5.21 
427.5 ,47.5 ,0.0 ,228.0 ,0.0 ,932.0 ,594.0 ,28 ,3.74 
475.0 ,0.0 ,0.0 ,228.0 ,0.0 ,932.0 ,594.0 ,7 ,3.86 
304.0 ,76.0 ,0.0 ,228.0 ,0.0 ,932.0 ,670.0 ,365 ,5.53 
266.0 ,114.0 ,0.0 ,228.0 ,0.0 ,932.0 ,670.0 ,365 ,5.29 
198.6 ,132.4 ,0.0 ,192.0 ,0.0 ,978.4 ,825.5 ,180 ,4.17 
475.0 ,0.0 ,0.0 ,228.0 ,0.0 ,932.0 ,594.0 ,270 ,4.21 
190.0 ,190.0 ,0.0 ,228.0 ,0.0 ,932.0 ,670.0 ,365 ,5.37 
237.5 ,237.5 ,0.0 ,228.0 ,0.0 ,932.0 ,594.0 ,270 ,3.84 
237.5 ,237.5 ,0.0 ,228.0 ,0.0 ,932.0 ,594.0 ,28 ,3.01 
332.5 ,142.5 ,0.0 ,228.0 ,0.0 ,932.0 ,594.0 ,90 ,3.77 
475.0 ,0.0 ,0.0 ,228.0 ,0.0 ,932.0 ,594.0 ,90 ,4.22 
237.5 ,237.5 ,0.0 ,228.0 ,0.0 ,932.0 ,594.0 ,180 ,3.63 
342.0 ,38.0 ,0.0 ,228.0 ,0.0 ,932.0 ,670.0 ,90 ,5.05 
427.5 ,47.5 ,0.0 ,228.0 ,0.0 ,932.0 ,594.0 ,365 ,4.37 
237.5 ,237.5 ,0.0 ,228.0 ,0.0 ,932.0 ,594.0 ,365 ,3.90 
380.0 ,0.0 ,0.0 ,228.0 ,0.0 ,932.0 ,670.0 ,180 ,5.31 
427.5 ,47.5 ,0.0 ,228.0 ,0.0 ,932.0 ,594.0 ,90 ,4.15 
427.5 ,47.5 ,0.0 ,228.0 ,0.0 ,932.0 ,594.0 ,7 ,3.51 
349.0 ,0.0 ,0.0 ,192.0 ,0.0 ,1047.0 ,806.9 ,3 ,1.50 
380.0 ,95.0 ,0.0 ,228.0 ,0.0 ,932.0 ,594.0 ,180 ,4.08 
237.5 ,237.5 ,0.0 ,228.0 ,0.0 ,932.0 ,594.0 ,7 ,2.63 
380.0 ,95.0 ,0.0 ,228.0 ,0.0 ,932.0 ,594.0 ,7 ,3.28 
332.5 ,142.5 ,0.0 ,228.0 ,0.0 ,932.0 ,594.0 ,180 ,3.98 
190.0 ,190.0 ,0.0 ,228.0 ,0.0 ,932.0 ,670.0 ,180 ,4.69 
237.5 ,237.5 ,0.0 ,228.0 ,0.0 ,932.0 ,594.0 ,90 ,3.31 
304.0 ,76.0 ,0.0 ,228.0 ,0.0 ,932.0 ,670.0 ,90 ,4.92 
139.6 ,209.4 ,0.0 ,192.0 ,0.0 ,1047.0 ,806.9 ,7 ,1.46 
198.6 ,132.4 ,0.0 ,192.0 ,0.0 ,978.4 ,825.5 ,7 ,1.46 
475.0 ,0.0 ,0.0 ,228.0 ,0.0 ,932.0 ,594.0 ,365 ,4.19 
198.6 ,132.4 ,0.0 ,192.0 ,0.0 ,978.4 ,825.5 ,3 ,0.91 
304.0 ,76.0 ,0.0 ,228.0 ,0.0 ,932.0 ,670.0 ,180 ,5.09 
332.5 ,142.5 ,0.0 ,228.0 ,0.0 ,932.0 ,594.0 ,28 ,3.30 
304.0 ,76.0 ,0.0 ,228.0 ,0.0 ,932.0 ,670.0 ,270 ,5.44 
266.0 ,114.0 ,0.0 ,228.0 ,0.0 ,932.0 ,670.0 ,270 ,5.17 
310.0 ,0.0 ,0.0 ,192.0 ,0.0 ,971.0 ,850.6 ,3 ,0.99 
190.0 ,190.0 ,0.0 ,228.0 ,0.0 ,932.0 ,670.0 ,270 ,5.07 
266.0 ,114.0 ,0.0 ,228.0 ,0.0 ,932.0 ,670.0 ,180 ,4.87 
342.0 ,38.0 ,0.0 ,228.0 ,0.0 ,932.0 ,670.0 ,270 ,5.51 
139.6 ,209.4 ,0.0 ,192.0 ,0.0 ,1047.0 ,806.9 ,360 ,4.47 
332.5 ,142.5 ,0.0 ,228.0 ,0.0 ,932.0 ,594.0 ,7 ,3.03 
190.0 ,190.0 ,0.0 ,228.0 ,0.0 ,932.0 ,670.0 ,28 ,4.09 
485.0 ,0.0 ,0.0 ,146.0 ,0.0 ,1120.0 ,800.0 ,28 ,7.20 
374.0 ,189.2 ,0.0 ,170.1 ,10.1 ,926.1 ,756.7 ,3 ,3.44 
313.3 ,262.2 ,0.0 ,175.5 ,8.6 ,1046.9 ,611.8 ,3 ,2.88 
425.0 ,106.3 ,0.0 ,153.5 ,16.5 ,852.1 ,887.1 ,3 ,3.34 
425.0 ,106.3 ,0.0 ,151.4 ,18.6 ,936.0 ,803.7 ,3 ,3.63 
375.0 ,93.8 ,0.0 ,126.6 ,23.4 ,852.1 ,992.6 ,3 ,2.90 
475.0 ,118.8 ,0.0 ,181.1 ,8.9 ,852.1 ,781.5 ,3 ,3.78 
469.0 ,117.2 ,0.0 ,137.8 ,32.2 ,852.1 ,840.5 ,3 ,4.02 
425.0 ,106.3 ,0.0 ,153.5 ,16.5 ,852.1 ,887.1 ,3 ,3.34 
388.6 ,97.1 ,0.0 ,157.9 ,12.1 ,852.1 ,925.7 ,3 ,2.81 
531.3 ,0.0 ,0.0 ,141.8 ,28.2 ,852.1 ,893.7 ,3 ,4.13 
425.0 ,106.3 ,0.0 ,153.5 ,16.5 ,852.1 ,887.1 ,3 ,3.34 
318.8 ,212.5 ,0.0 ,155.7 ,14.3 ,852.1 ,880.4 ,3 ,2.52 
401.8 ,94.7 ,0.0 ,147.4 ,11.4 ,946.8 ,852.1 ,3 ,4.11 
362.6 ,189.0 ,0.0 ,164.9 ,11.6 ,944.7 ,755.8 ,3 ,3.53 
323.7 ,282.8 ,0.0 ,183.8 ,10.3 ,942.7 ,659.9 ,3 ,2.83 
379.5 ,151.2 ,0.0 ,153.9 ,15.9 ,1134.3 ,605.0 ,3 ,2.86 
362.6 ,189.0 ,0.0 ,164.9 ,11.6 ,944.7 ,755.8 ,3 ,3.53 
286.3 ,200.9 ,0.0 ,144.7 ,11.2 ,1004.6 ,803.7 ,3 ,2.44 
362.6 ,189.0 ,0.0 ,164.9 ,11.6 ,944.7 ,755.8 ,3 ,3.53 
439.0 ,177.0 ,0.0 ,186.0 ,11.1 ,884.9 ,707.9 ,3 ,3.93 
389.9 ,189.0 ,0.0 ,145.9 ,22.0 ,944.7 ,755.8 ,3 ,4.06 
362.6 ,189.0 ,0.0 ,164.9 ,11.6 ,944.7 ,755.8 ,3 ,3.53 
337.9 ,189.0 ,0.0 ,174.9 ,9.5 ,944.7 ,755.8 ,3 ,2.41 
374.0 ,189.2 ,0.0 ,170.1 ,10.1 ,926.1 ,756.7 ,7 ,4.62 
313.3 ,262.2 ,0.0 ,175.5 ,8.6 ,1046.9 ,611.8 ,7 ,4.28 
425.0 ,106.3 ,0.0 ,153.5 ,16.5 ,852.1 ,887.1 ,7 ,4.92 
425.0 ,106.3 ,0.0 ,151.4 ,18.6 ,936.0 ,803.7 ,7 ,4.68 
375.0 ,93.8 ,0.0 ,126.6 ,23.4 ,852.1 ,992.6 ,7 ,4.57 
475.0 ,118.8 ,0.0 ,181.1 ,8.9 ,852.1 ,781.5 ,7 ,5.56 
469.0 ,117.2 ,0.0 ,137.8 ,32.2 ,852.1 ,840.5 ,7 ,5.49 
425.0 ,106.3 ,0.0 ,153.5 ,16.5 ,852.1 ,887.1 ,7 ,4.92 
388.6 ,97.1 ,0.0 ,157.9 ,12.1 ,852.1 ,925.7 ,7 ,3.49 
531.3 ,0.0 ,0.0 ,141.8 ,28.2 ,852.1 ,893.7 ,7 ,4.69 
425.0 ,106.3 ,0.0 ,153.5 ,16.5 ,852.1 ,887.1 ,7 ,4.92 
318.8 ,212.5 ,0.0 ,155.7 ,14.3 ,852.1 ,880.4 ,7 ,3.34 
401.8 ,94.7 ,0.0 ,147.4 ,11.4 ,946.8 ,852.1 ,7 ,5.41 
362.6 ,189.0 ,0.0 ,164.9 ,11.6 ,944.7 ,755.8 ,7 ,5.59 
323.7 ,282.8 ,0.0 ,183.8 ,10.3 ,942.7 ,659.9 ,7 ,4.98 
379.5 ,151.2 ,0.0 ,153.9 ,15.9 ,1134.3 ,605.0 ,7 ,4.71 
362.6 ,189.0 ,0.0 ,164.9 ,11.6 ,944.7 ,755.8 ,7 ,5.59 
286.3 ,200.9 ,0.0 ,144.7 ,11.2 ,1004.6 ,803.7 ,7 ,3.80 
362.6 ,189.0 ,0.0 ,164.9 ,11.6 ,944.7 ,755.8 ,7 ,5.59 
439.0 ,177.0 ,0.0 ,186.0 ,11.1 ,884.9 ,707.9 ,7 ,5.61 
389.9 ,189.0 ,0.0 ,145.9 ,22.0 ,944.7 ,755.8 ,7 ,5.91 
362.6 ,189.0 ,0.0 ,164.9 ,11.6 ,944.7 ,755.8 ,7 ,2.29 
337.9 ,189.0 ,0.0 ,174.9 ,9.5 ,944.7 ,755.8 ,7 ,3.51 
374.0 ,189.2 ,0.0 ,170.1 ,10.1 ,926.1 ,756.7 ,28 ,6.11 
313.3 ,262.2 ,0.0 ,175.5 ,8.6 ,1046.9 ,611.8 ,28 ,5.98 
425.0 ,106.3 ,0.0 ,153.5 ,16.5 ,852.1 ,887.1 ,28 ,6.03 
425.0 ,106.3 ,0.0 ,151.4 ,18.6 ,936.0 ,803.7 ,28 ,6.18 
375.0 ,93.8 ,0.0 ,126.6 ,23.4 ,852.1 ,992.6 ,28 ,5.67 
475.0 ,118.8 ,0.0 ,181.1 ,8.9 ,852.1 ,781.5 ,28 ,6.83 
469.0 ,117.2 ,0.0 ,137.8 ,32.2 ,852.1 ,840.5 ,28 ,6.69 
425.0 ,106.3 ,0.0 ,153.5 ,16.5 ,852.1 ,887.1 ,28 ,6.03 
388.6 ,97.1 ,0.0 ,157.9 ,12.1 ,852.1 ,925.7 ,28 ,5.07 
531.3 ,0.0 ,0.0 ,141.8 ,28.2 ,852.1 ,893.7 ,28 ,5.64 
425.0 ,106.3 ,0.0 ,153.5 ,16.5 ,852.1 ,887.1 ,28 ,6.03 
318.8 ,212.5 ,0.0 ,155.7 ,14.3 ,852.1 ,880.4 ,28 ,5.55 
401.8 ,94.7 ,0.0 ,147.4 ,11.4 ,946.8 ,852.1 ,28 ,6.85 
362.6 ,189.0 ,0.0 ,164.9 ,11.6 ,944.7 ,755.8 ,28 ,7.13 
323.7 ,282.8 ,0.0 ,183.8 ,10.3 ,942.7 ,659.9 ,28 ,7.47 
379.5 ,151.2 ,0.0 ,153.9 ,15.9 ,1134.3 ,605.0 ,28 ,5.22 
362.6 ,189.0 ,0.0 ,164.9 ,11.6 ,944.7 ,755.8 ,28 ,7.13 
286.3 ,200.9 ,0.0 ,144.7 ,11.2 ,1004.6 ,803.7 ,28 ,6.77 
362.6 ,189.0 ,0.0 ,164.9 ,11.6 ,944.7 ,755.8 ,28 ,7.13 
439.0 ,177.0 ,0.0 ,186.0 ,11.1 ,884.9 ,707.9 ,28 ,6.60 
389.9 ,189.0 ,0.0 ,145.9 ,22.0 ,944.7 ,755.8 ,28 ,7.45 
362.6 ,189.0 ,0.0 ,164.9 ,11.6 ,944.7 ,755.8 ,28 ,7.13 
337.9 ,189.0 ,0.0 ,174.9 ,9.5 ,944.7 ,755.8 ,28 ,4.99 
374.0 ,189.2 ,0.0 ,170.1 ,10.1 ,926.1 ,756.7 ,56 ,6.34 
313.3 ,262.2 ,0.0 ,175.5 ,8.6 ,1046.9 ,611.8 ,56 ,6.49 
425.0 ,106.3 ,0.0 ,153.5 ,16.5 ,852.1 ,887.1 ,56 ,6.43 
425.0 ,106.3 ,0.0 ,151.4 ,18.6 ,936.0 ,803.7 ,56 ,6.49 
375.0 ,93.8 ,0.0 ,126.6 ,23.4 ,852.1 ,992.6 ,56 ,6.02 
475.0 ,118.8 ,0.0 ,181.1 ,8.9 ,852.1 ,781.5 ,56 ,7.23 
469.0 ,117.2 ,0.0 ,137.8 ,32.2 ,852.1 ,840.5 ,56 ,6.93 
425.0 ,106.3 ,0.0 ,153.5 ,16.5 ,852.1 ,887.1 ,56 ,6.43 
388.6 ,97.1 ,0.0 ,157.9 ,12.1 ,852.1 ,925.7 ,56 ,5.52 
531.3 ,0.0 ,0.0 ,141.8 ,28.2 ,852.1 ,893.7 ,56 ,5.88 
425.0 ,106.3 ,0.0 ,153.5 ,16.5 ,852.1 ,887.1 ,56 ,6.43 
318.8 ,212.5 ,0.0 ,155.7 ,14.3 ,852.1 ,880.4 ,56 ,6.61 
401.8 ,94.7 ,0.0 ,147.4 ,11.4 ,946.8 ,852.1 ,56 ,7.37 
362.6 ,189.0 ,0.0 ,164.9 ,11.6 ,944.7 ,755.8 ,56 ,7.73 
323.7 ,282.8 ,0.0 ,183.8 ,10.3 ,942.7 ,659.9 ,56 ,8.02 
379.5 ,151.2 ,0.0 ,153.9 ,15.9 ,1134.3 ,605.0 ,56 ,5.49 
362.6 ,189.0 ,0.0 ,164.9 ,11.6 ,944.7 ,755.8 ,56 ,7.73 
286.3 ,200.9 ,0.0 ,144.7 ,11.2 ,1004.6 ,803.7 ,56 ,7.30 
362.6 ,189.0 ,0.0 ,164.9 ,11.6 ,944.7 ,755.8 ,56 ,7.73 
439.0 ,177.0 ,0.0 ,186.0 ,11.1 ,884.9 ,707.9 ,56 ,7.17 
389.9 ,189.0 ,0.0 ,145.9 ,22.0 ,944.7 ,755.8 ,56 ,7.94 
362.6 ,189.0 ,0.0 ,164.9 ,11.6 ,944.7 ,755.8 ,56 ,7.73 
337.9 ,189.0 ,0.0 ,174.9 ,9.5 ,944.7 ,755.8 ,56 ,5.99 
374.0 ,189.2 ,0.0 ,170.1 ,10.1 ,926.1 ,756.7 ,91 ,6.49 
313.3 ,262.2 ,0.0 ,175.5 ,8.6 ,1046.9 ,611.8 ,91 ,6.66 
425.0 ,106.3 ,0.0 ,153.5 ,16.5 ,852.1 ,887.1 ,91 ,6.52 
425.0 ,106.3 ,0.0 ,151.4 ,18.6 ,936.0 ,803.7 ,91 ,6.67 
375.0 ,93.8 ,0.0 ,126.6 ,23.4 ,852.1 ,992.6 ,91 ,6.25 
475.0 ,118.8 ,0.0 ,181.1 ,8.9 ,852.1 ,781.5 ,91 ,7.42 
469.0 ,117.2 ,0.0 ,137.8 ,32.2 ,852.1 ,840.5 ,91 ,7.07 
425.0 ,106.3 ,0.0 ,153.5 ,16.5 ,852.1 ,887.1 ,91 ,6.52 
388.6 ,97.1 ,0.0 ,157.9 ,12.1 ,852.1 ,925.7 ,91 ,5.76 
531.3 ,0.0 ,0.0 ,141.8 ,28.2 ,852.1 ,893.7 ,91 ,5.92 
425.0 ,106.3 ,0.0 ,153.5 ,16.5 ,852.1 ,887.1 ,91 ,6.52 
318.8 ,212.5 ,0.0 ,155.7 ,14.3 ,852.1 ,880.4 ,91 ,6.81 
401.8 ,94.7 ,0.0 ,147.4 ,11.4 ,946.8 ,852.1 ,91 ,7.55 
362.6 ,189.0 ,0.0 ,164.9 ,11.6 ,944.7 ,755.8 ,91 ,7.93 
379.5 ,151.2 ,0.0 ,153.9 ,15.9 ,1134.3 ,605.0 ,91 ,5.65 
362.6 ,189.0 ,0.0 ,164.9 ,11.6 ,944.7 ,755.8 ,91 ,7.93 
286.3 ,200.9 ,0.0 ,144.7 ,11.2 ,1004.6 ,803.7 ,91 ,7.68 
362.6 ,189.0 ,0.0 ,164.9 ,11.6 ,944.7 ,755.8 ,91 ,7.93 
439.0 ,177.0 ,0.0 ,186.0 ,11.1 ,884.9 ,707.9 ,91 ,7.33 
389.9 ,189.0 ,0.0 ,145.9 ,22.0 ,944.7 ,755.8 ,91 ,8.26 
362.6 ,189.0 ,0.0 ,164.9 ,11.6 ,944.7 ,755.8 ,91 ,7.93 
337.9 ,189.0 ,0.0 ,174.9 ,9.5 ,944.7 ,755.8 ,91 ,6.78 
222.4 ,0.0 ,96.7 ,189.3 ,4.5 ,967.1 ,870.3 ,3 ,1.16 
222.4 ,0.0 ,96.7 ,189.3 ,4.5 ,967.1 ,870.3 ,14 ,2.44 
222.4 ,0.0 ,96.7 ,189.3 ,4.5 ,967.1 ,870.3 ,28 ,2.49 
222.4 ,0.0 ,96.7 ,189.3 ,4.5 ,967.1 ,870.3 ,56 ,2.94 
222.4 ,0.0 ,96.7 ,189.3 ,4.5 ,967.1 ,870.3 ,100 ,4.07 
233.8 ,0.0 ,94.6 ,197.9 ,4.6 ,947.0 ,852.2 ,3 ,1.04 
233.8 ,0.0 ,94.6 ,197.9 ,4.6 ,947.0 ,852.2 ,14 ,2.21 
233.8 ,0.0 ,94.6 ,197.9 ,4.6 ,947.0 ,852.2 ,28 ,2.28 
233.8 ,0.0 ,94.6 ,197.9 ,4.6 ,947.0 ,852.2 ,56 ,2.77 
233.8 ,0.0 ,94.6 ,197.9 ,4.6 ,947.0 ,852.2 ,100 ,3.46 
194.7 ,0.0 ,100.5 ,165.6 ,7.5 ,1006.4 ,905.9 ,3 ,1.25 
194.7 ,0.0 ,100.5 ,165.6 ,7.5 ,1006.4 ,905.9 ,14 ,2.50 
194.7 ,0.0 ,100.5 ,165.6 ,7.5 ,1006.4 ,905.9 ,28 ,2.57 
194.7 ,0.0 ,100.5 ,165.6 ,7.5 ,1006.4 ,905.9 ,56 ,3.40 
194.7 ,0.0 ,100.5 ,165.6 ,7.5 ,1006.4 ,905.9 ,100 ,3.73 
190.7 ,0.0 ,125.4 ,162.1 ,7.8 ,1090.0 ,804.0 ,3 ,1.50 
190.7 ,0.0 ,125.4 ,162.1 ,7.8 ,1090.0 ,804.0 ,14 ,2.11 
190.7 ,0.0 ,125.4 ,162.1 ,7.8 ,1090.0 ,804.0 ,28 ,2.64 
190.7 ,0.0 ,125.4 ,162.1 ,7.8 ,1090.0 ,804.0 ,56 ,3.53 
190.7 ,0.0 ,125.4 ,162.1 ,7.8 ,1090.0 ,804.0 ,100 ,4.06 
212.1 ,0.0 ,121.6 ,180.3 ,5.7 ,1057.6 ,779.3 ,3 ,1.25 
212.1 ,0.0 ,121.6 ,180.3 ,5.7 ,1057.6 ,779.3 ,14 ,2.09 
212.1 ,0.0 ,121.6 ,180.3 ,5.7 ,1057.6 ,779.3 ,28 ,2.49 
212.1 ,0.0 ,121.6 ,180.3 ,5.7 ,1057.6 ,779.3 ,56 ,3.42 
212.1 ,0.0 ,121.6 ,180.3 ,5.7 ,1057.6 ,779.3 ,100 ,3.96 
230.0 ,0.0 ,118.3 ,195.5 ,4.6 ,1029.4 ,758.6 ,3 ,1.00 
230.0 ,0.0 ,118.3 ,195.5 ,4.6 ,1029.4 ,758.6 ,14 ,2.01 
230.0 ,0.0 ,118.3 ,195.5 ,4.6 ,1029.4 ,758.6 ,28 ,2.45 
230.0 ,0.0 ,118.3 ,195.5 ,4.6 ,1029.4 ,758.6 ,56 ,3.15 
230.0 ,0.0 ,118.3 ,195.5 ,4.6 ,1029.4 ,758.6 ,100 ,3.53 
190.3 ,0.0 ,125.2 ,161.9 ,9.9 ,1088.1 ,802.6 ,3 ,0.94 
190.3 ,0.0 ,125.2 ,161.9 ,9.9 ,1088.1 ,802.6 ,14 ,2.27 
190.3 ,0.0 ,125.2 ,161.9 ,9.9 ,1088.1 ,802.6 ,28 ,2.85 
190.3 ,0.0 ,125.2 ,161.9 ,9.9 ,1088.1 ,802.6 ,56 ,3.86 
190.3 ,0.0 ,125.2 ,161.9 ,9.9 ,1088.1 ,802.6 ,100 ,4.04 
166.1 ,0.0 ,163.3 ,176.5 ,4.5 ,1058.6 ,780.1 ,3 ,1.08 
166.1 ,0.0 ,163.3 ,176.5 ,4.5 ,1058.6 ,780.1 ,14 ,2.55 
166.1 ,0.0 ,163.3 ,176.5 ,4.5 ,1058.6 ,780.1 ,28 ,2.15 
166.1 ,0.0 ,163.3 ,176.5 ,4.5 ,1058.6 ,780.1 ,56 ,2.86 
166.1 ,0.0 ,163.3 ,176.5 ,4.5 ,1058.6 ,780.1 ,100 ,3.35 
168.0 ,42.1 ,163.8 ,121.8 ,5.7 ,1058.7 ,780.1 ,3 ,0.77 
168.0 ,42.1 ,163.8 ,121.8 ,5.7 ,1058.7 ,780.1 ,14 ,1.78 
168.0 ,42.1 ,163.8 ,121.8 ,5.7 ,1058.7 ,780.1 ,28 ,2.42 
168.0 ,42.1 ,163.8 ,121.8 ,5.7 ,1058.7 ,780.1 ,56 ,3.29 
168.0 ,42.1 ,163.8 ,121.8 ,5.7 ,1058.7 ,780.1 ,100 ,3.92 
213.7 ,98.1 ,24.5 ,181.7 ,6.9 ,1065.8 ,785.4 ,3 ,1.80 
213.7 ,98.1 ,24.5 ,181.7 ,6.9 ,1065.8 ,785.4 ,14 ,3.04 
213.7 ,98.1 ,24.5 ,181.7 ,6.9 ,1065.8 ,785.4 ,28 ,4.57 
213.7 ,98.1 ,24.5 ,181.7 ,6.9 ,1065.8 ,785.4 ,56 ,5.08 
213.7 ,98.1 ,24.5 ,181.7 ,6.9 ,1065.8 ,785.4 ,100 ,5.39 
213.8 ,98.1 ,24.5 ,181.7 ,6.7 ,1066.0 ,785.5 ,3 ,1.32 
213.8 ,98.1 ,24.5 ,181.7 ,6.7 ,1066.0 ,785.5 ,14 ,1.78 
213.8 ,98.1 ,24.5 ,181.7 ,6.7 ,1066.0 ,785.5 ,28 ,4.02 
213.8 ,98.1 ,24.5 ,181.7 ,6.7 ,1066.0 ,785.5 ,56 ,4.71 
213.8 ,98.1 ,24.5 ,181.7 ,6.7 ,1066.0 ,785.5 ,100 ,5.00 
229.7 ,0.0 ,118.2 ,195.2 ,6.1 ,1028.1 ,757.6 ,3 ,1.34 
229.7 ,0.0 ,118.2 ,195.2 ,6.1 ,1028.1 ,757.6 ,14 ,2.23 
229.7 ,0.0 ,118.2 ,195.2 ,6.1 ,1028.1 ,757.6 ,28 ,2.45 
229.7 ,0.0 ,118.2 ,195.2 ,6.1 ,1028.1 ,757.6 ,56 ,3.14 
229.7 ,0.0 ,118.2 ,195.2 ,6.1 ,1028.1 ,757.6 ,100 ,4.09 
238.1 ,0.0 ,94.1 ,186.7 ,7.0 ,949.9 ,847.0 ,3 ,1.99 
238.1 ,0.0 ,94.1 ,186.7 ,7.0 ,949.9 ,847.0 ,14 ,2.57 
238.1 ,0.0 ,94.1 ,186.7 ,7.0 ,949.9 ,847.0 ,28 ,3.02 
238.1 ,0.0 ,94.1 ,186.7 ,7.0 ,949.9 ,847.0 ,56 ,3.96 
238.1 ,0.0 ,94.1 ,186.7 ,7.0 ,949.9 ,847.0 ,100 ,4.43 
250.0 ,0.0 ,95.7 ,187.4 ,5.5 ,956.9 ,861.2 ,3 ,1.38 
250.0 ,0.0 ,95.7 ,187.4 ,5.5 ,956.9 ,861.2 ,14 ,2.49 
250.0 ,0.0 ,95.7 ,187.4 ,5.5 ,956.9 ,861.2 ,28 ,2.92 
250.0 ,0.0 ,95.7 ,187.4 ,5.5 ,956.9 ,861.2 ,56 ,3.83 
250.0 ,0.0 ,95.7 ,187.4 ,5.5 ,956.9 ,861.2 ,100 ,4.23 
212.5 ,0.0 ,100.4 ,159.3 ,8.7 ,1007.8 ,903.6 ,3 ,1.35 
212.5 ,0.0 ,100.4 ,159.3 ,8.7 ,1007.8 ,903.6 ,14 ,2.63 
212.5 ,0.0 ,100.4 ,159.3 ,8.7 ,1007.8 ,903.6 ,28 ,3.16 
212.5 ,0.0 ,100.4 ,159.3 ,8.7 ,1007.8 ,903.6 ,56 ,4.25 
212.5 ,0.0 ,100.4 ,159.3 ,8.7 ,1007.8 ,903.6 ,100 ,4.29 
212.6 ,0.0 ,100.4 ,159.4 ,10.4 ,1003.8 ,903.8 ,3 ,1.33 
212.6 ,0.0 ,100.4 ,159.4 ,10.4 ,1003.8 ,903.8 ,14 ,2.54 
212.6 ,0.0 ,100.4 ,159.4 ,10.4 ,1003.8 ,903.8 ,28 ,3.74 
212.6 ,0.0 ,100.4 ,159.4 ,10.4 ,1003.8 ,903.8 ,56 ,4.44 
212.6 ,0.0 ,100.4 ,159.4 ,10.4 ,1003.8 ,903.8 ,100 ,4.77 
212.0 ,0.0 ,124.8 ,159.0 ,7.8 ,1085.4 ,799.5 ,3 ,1.95 
212.0 ,0.0 ,124.8 ,159.0 ,7.8 ,1085.4 ,799.5 ,14 ,3.14 
212.0 ,0.0 ,124.8 ,159.0 ,7.8 ,1085.4 ,799.5 ,28 ,3.85 
212.0 ,0.0 ,124.8 ,159.0 ,7.8 ,1085.4 ,799.5 ,56 ,4.51 
212.0 ,0.0 ,124.8 ,159.0 ,7.8 ,1085.4 ,799.5 ,100 ,4.78 
231.8 ,0.0 ,121.6 ,174.0 ,6.7 ,1056.4 ,778.5 ,3 ,1.54 
231.8 ,0.0 ,121.6 ,174.0 ,6.7 ,1056.4 ,778.5 ,14 ,2.68 
231.8 ,0.0 ,121.6 ,174.0 ,6.7 ,1056.4 ,778.5 ,28 ,3.37 
231.8 ,0.0 ,121.6 ,174.0 ,6.7 ,1056.4 ,778.5 ,56 ,4.27 
231.8 ,0.0 ,121.6 ,174.0 ,6.7 ,1056.4 ,778.5 ,100 ,4.58 
251.4 ,0.0 ,118.3 ,188.5 ,5.8 ,1028.4 ,757.7 ,3 ,1.72 
251.4 ,0.0 ,118.3 ,188.5 ,5.8 ,1028.4 ,757.7 ,14 ,2.99 
251.4 ,0.0 ,118.3 ,188.5 ,5.8 ,1028.4 ,757.7 ,28 ,2.97 
251.4 ,0.0 ,118.3 ,188.5 ,5.8 ,1028.4 ,757.7 ,56 ,3.70 
251.4 ,0.0 ,118.3 ,188.5 ,5.8 ,1028.4 ,757.7 ,100 ,4.36 
251.4 ,0.0 ,118.3 ,188.5 ,6.4 ,1028.4 ,757.7 ,3 ,1.31 
251.4 ,0.0 ,118.3 ,188.5 ,6.4 ,1028.4 ,757.7 ,14 ,2.44 
251.4 ,0.0 ,118.3 ,188.5 ,6.4 ,1028.4 ,757.7 ,28 ,3.27 
251.4 ,0.0 ,118.3 ,188.5 ,6.4 ,1028.4 ,757.7 ,56 ,3.66 
251.4 ,0.0 ,118.3 ,188.5 ,6.4 ,1028.4 ,757.7 ,100 ,4.42 
181.4 ,0.0 ,167.0 ,169.6 ,7.6 ,1055.6 ,777.8 ,3 ,1.36 
181.4 ,0.0 ,167.0 ,169.6 ,7.6 ,1055.6 ,777.8 ,14 ,2.16 
181.4 ,0.0 ,167.0 ,169.6 ,7.6 ,1055.6 ,777.8 ,28 ,2.78 
181.4 ,0.0 ,167.0 ,169.6 ,7.6 ,1055.6 ,777.8 ,56 ,3.56 
181.4 ,0.0 ,167.0 ,169.6 ,7.6 ,1055.6 ,777.8 ,100 ,4.54 
182.0 ,45.2 ,122.0 ,170.2 ,8.2 ,1059.4 ,780.7 ,3 ,0.73 
182.0 ,45.2 ,122.0 ,170.2 ,8.2 ,1059.4 ,780.7 ,14 ,2.15 
182.0 ,45.2 ,122.0 ,170.2 ,8.2 ,1059.4 ,780.7 ,28 ,3.13 
182.0 ,45.2 ,122.0 ,170.2 ,8.2 ,1059.4 ,780.7 ,56 ,4.35 
182.0 ,45.2 ,122.0 ,170.2 ,8.2 ,1059.4 ,780.7 ,100 ,4.87 
168.9 ,42.2 ,124.3 ,158.3 ,10.8 ,1080.8 ,796.2 ,3 ,0.74 
168.9 ,42.2 ,124.3 ,158.3 ,10.8 ,1080.8 ,796.2 ,14 ,2.35 
168.9 ,42.2 ,124.3 ,158.3 ,10.8 ,1080.8 ,796.2 ,28 ,3.11 
168.9 ,42.2 ,124.3 ,158.3 ,10.8 ,1080.8 ,796.2 ,56 ,3.91 
168.9 ,42.2 ,124.3 ,158.3 ,10.8 ,1080.8 ,796.2 ,100 ,4.82 
290.4 ,0.0 ,96.2 ,168.1 ,9.4 ,961.2 ,865.0 ,3 ,2.25 
290.4 ,0.0 ,96.2 ,168.1 ,9.4 ,961.2 ,865.0 ,14 ,3.47 
290.4 ,0.0 ,96.2 ,168.1 ,9.4 ,961.2 ,865.0 ,28 ,3.47 
290.4 ,0.0 ,96.2 ,168.1 ,9.4 ,961.2 ,865.0 ,56 ,4.51 
290.4 ,0.0 ,96.2 ,168.1 ,9.4 ,961.2 ,865.0 ,100 ,4.90 
277.1 ,0.0 ,97.4 ,160.6 ,11.8 ,973.9 ,875.6 ,3 ,2.31 
277.1 ,0.0 ,97.4 ,160.6 ,11.8 ,973.9 ,875.6 ,14 ,4.19 
277.1 ,0.0 ,97.4 ,160.6 ,11.8 ,973.9 ,875.6 ,28 ,4.83 
277.1 ,0.0 ,97.4 ,160.6 ,11.8 ,973.9 ,875.6 ,56 ,5.10 
277.1 ,0.0 ,97.4 ,160.6 ,11.8 ,973.9 ,875.6 ,100 ,5.56 
295.7 ,0.0 ,95.6 ,171.5 ,8.9 ,955.1 ,859.2 ,3 ,2.29 
295.7 ,0.0 ,95.6 ,171.5 ,8.9 ,955.1 ,859.2 ,14 ,3.52 
295.7 ,0.0 ,95.6 ,171.5 ,8.9 ,955.1 ,859.2 ,28 ,3.99 
295.7 ,0.0 ,95.6 ,171.5 ,8.9 ,955.1 ,859.2 ,56 ,4.87 
295.7 ,0.0 ,95.6 ,171.5 ,8.9 ,955.1 ,859.2 ,100 ,5.20 
251.8 ,0.0 ,99.9 ,146.1 ,12.4 ,1006.0 ,899.8 ,3 ,2.10 
251.8 ,0.0 ,99.9 ,146.1 ,12.4 ,1006.0 ,899.8 ,14 ,3.34 
251.8 ,0.0 ,99.9 ,146.1 ,12.4 ,1006.0 ,899.8 ,28 ,3.39 
251.8 ,0.0 ,99.9 ,146.1 ,12.4 ,1006.0 ,899.8 ,56 ,4.41 
251.8 ,0.0 ,99.9 ,146.1 ,12.4 ,1006.0 ,899.8 ,100 ,4.54 
249.1 ,0.0 ,98.8 ,158.1 ,12.8 ,987.8 ,889.0 ,3 ,1.54 
249.1 ,0.0 ,98.8 ,158.1 ,12.8 ,987.8 ,889.0 ,14 ,2.87 
249.1 ,0.0 ,98.8 ,158.1 ,12.8 ,987.8 ,889.0 ,28 ,3.08 
249.1 ,0.0 ,98.8 ,158.1 ,12.8 ,987.8 ,889.0 ,56 ,4.20 
249.1 ,0.0 ,98.8 ,158.1 ,12.8 ,987.8 ,889.0 ,100 ,5.11 
252.3 ,0.0 ,98.8 ,146.3 ,14.2 ,987.8 ,889.0 ,3 ,2.18 
252.3 ,0.0 ,98.8 ,146.3 ,14.2 ,987.8 ,889.0 ,14 ,4.23 
252.3 ,0.0 ,98.8 ,146.3 ,14.2 ,987.8 ,889.0 ,28 ,5.06 
252.3 ,0.0 ,98.8 ,146.3 ,14.2 ,987.8 ,889.0 ,56 ,5.58 
252.3 ,0.0 ,98.8 ,146.3 ,14.2 ,987.8 ,889.0 ,100 ,6.09 
246.8 ,0.0 ,125.1 ,143.3 ,12.0 ,1086.8 ,800.9 ,3 ,2.35 
246.8 ,0.0 ,125.1 ,143.3 ,12.0 ,1086.8 ,800.9 ,14 ,4.22 
246.8 ,0.0 ,125.1 ,143.3 ,12.0 ,1086.8 ,800.9 ,28 ,5.25 
246.8 ,0.0 ,125.1 ,143.3 ,12.0 ,1086.8 ,800.9 ,56 ,6.03 
246.8 ,0.0 ,125.1 ,143.3 ,12.0 ,1086.8 ,800.9 ,100 ,6.64 
275.1 ,0.0 ,121.4 ,159.5 ,9.9 ,1053.6 ,777.5 ,3 ,2.38 
275.1 ,0.0 ,121.4 ,159.5 ,9.9 ,1053.6 ,777.5 ,14 ,3.88 
275.1 ,0.0 ,121.4 ,159.5 ,9.9 ,1053.6 ,777.5 ,28 ,5.13 
275.1 ,0.0 ,121.4 ,159.5 ,9.9 ,1053.6 ,777.5 ,56 ,5.68 
275.1 ,0.0 ,121.4 ,159.5 ,9.9 ,1053.6 ,777.5 ,100 ,5.86 
297.2 ,0.0 ,117.5 ,174.8 ,9.5 ,1022.8 ,753.5 ,3 ,2.19 
297.2 ,0.0 ,117.5 ,174.8 ,9.5 ,1022.8 ,753.5 ,14 ,3.70 
297.2 ,0.0 ,117.5 ,174.8 ,9.5 ,1022.8 ,753.5 ,28 ,4.74 
297.2 ,0.0 ,117.5 ,174.8 ,9.5 ,1022.8 ,753.5 ,56 ,5.20 
297.2 ,0.0 ,117.5 ,174.8 ,9.5 ,1022.8 ,753.5 ,100 ,5.67 
213.7 ,0.0 ,174.7 ,154.8 ,10.2 ,1053.5 ,776.4 ,3 ,1.76 
213.7 ,0.0 ,174.7 ,154.8 ,10.2 ,1053.5 ,776.4 ,14 ,3.37 
213.7 ,0.0 ,174.7 ,154.8 ,10.2 ,1053.5 ,776.4 ,28 ,4.01 
213.7 ,0.0 ,174.7 ,154.8 ,10.2 ,1053.5 ,776.4 ,56 ,4.66 
213.7 ,0.0 ,174.7 ,154.8 ,10.2 ,1053.5 ,776.4 ,100 ,5.01 
213.5 ,0.0 ,174.2 ,154.6 ,11.7 ,1052.3 ,775.5 ,3 ,1.74 
213.5 ,0.0 ,174.2 ,154.6 ,11.7 ,1052.3 ,775.5 ,14 ,3.37 
213.5 ,0.0 ,174.2 ,154.6 ,11.7 ,1052.3 ,775.5 ,28 ,4.59 
213.5 ,0.0 ,174.2 ,154.6 ,11.7 ,1052.3 ,775.5 ,56 ,5.14 
213.5 ,0.0 ,174.2 ,154.6 ,11.7 ,1052.3 ,775.5 ,100 ,5.93 
277.2 ,97.8 ,24.5 ,160.7 ,11.2 ,1061.7 ,782.5 ,3 ,3.04 
277.2 ,97.8 ,24.5 ,160.7 ,11.2 ,1061.7 ,782.5 ,14 ,4.77 
277.2 ,97.8 ,24.5 ,160.7 ,11.2 ,1061.7 ,782.5 ,28 ,6.31 
277.2 ,97.8 ,24.5 ,160.7 ,11.2 ,1061.7 ,782.5 ,56 ,6.68 
277.2 ,97.8 ,24.5 ,160.7 ,11.2 ,1061.7 ,782.5 ,100 ,6.69 
218.2 ,54.6 ,123.8 ,140.8 ,11.9 ,1075.7 ,792.7 ,3 ,2.74 
218.2 ,54.6 ,123.8 ,140.8 ,11.9 ,1075.7 ,792.7 ,14 ,3.60 
218.2 ,54.6 ,123.8 ,140.8 ,11.9 ,1075.7 ,792.7 ,28 ,5.55 
218.2 ,54.6 ,123.8 ,140.8 ,11.9 ,1075.7 ,792.7 ,56 ,6.20 
218.2 ,54.6 ,123.8 ,140.8 ,11.9 ,1075.7 ,792.7 ,100 ,6.35 
214.9 ,53.8 ,121.9 ,155.6 ,9.6 ,1014.3 ,780.6 ,3 ,1.80 
214.9 ,53.8 ,121.9 ,155.6 ,9.6 ,1014.3 ,780.6 ,14 ,3.86 
214.9 ,53.8 ,121.9 ,155.6 ,9.6 ,1014.3 ,780.6 ,28 ,5.22 
214.9 ,53.8 ,121.9 ,155.6 ,9.6 ,1014.3 ,780.6 ,56 ,5.40 
214.9 ,53.8 ,121.9 ,155.6 ,9.6 ,1014.3 ,780.6 ,100 ,5.66 
218.9 ,0.0 ,124.1 ,158.5 ,11.3 ,1078.7 ,794.9 ,3 ,1.53 
218.9 ,0.0 ,124.1 ,158.5 ,11.3 ,1078.7 ,794.9 ,14 ,2.60 
218.9 ,0.0 ,124.1 ,158.5 ,11.3 ,1078.7 ,794.9 ,28 ,3.02 
218.9 ,0.0 ,124.1 ,158.5 ,11.3 ,1078.7 ,794.9 ,56 ,3.73 
218.9 ,0.0 ,124.1 ,158.5 ,11.3 ,1078.7 ,794.9 ,100 ,4.62 
376.0 ,0.0 ,0.0 ,214.6 ,0.0 ,1003.5 ,762.4 ,3 ,1.63 
376.0 ,0.0 ,0.0 ,214.6 ,0.0 ,1003.5 ,762.4 ,14 ,2.56 
376.0 ,0.0 ,0.0 ,214.6 ,0.0 ,1003.5 ,762.4 ,28 ,3.20 
376.0 ,0.0 ,0.0 ,214.6 ,0.0 ,1003.5 ,762.4 ,56 ,3.63 
376.0 ,0.0 ,0.0 ,214.6 ,0.0 ,1003.5 ,762.4 ,100 ,4.31 
500.0 ,0.0 ,0.0 ,140.0 ,4.0 ,966.0 ,853.0 ,28 ,6.76 
475.0 ,0.0 ,59.0 ,142.0 ,1.9 ,1098.0 ,641.0 ,28 ,5.72 
315.0 ,137.0 ,0.0 ,145.0 ,5.9 ,1130.0 ,745.0 ,28 ,8.18 
505.0 ,0.0 ,60.0 ,195.0 ,0.0 ,1030.0 ,630.0 ,28 ,6.40 
451.0 ,0.0 ,0.0 ,165.0 ,11.3 ,1030.0 ,745.0 ,28 ,7.88 
516.0 ,0.0 ,0.0 ,162.0 ,8.2 ,801.0 ,802.0 ,28 ,4.14 
520.0 ,0.0 ,0.0 ,170.0 ,5.2 ,855.0 ,855.0 ,28 ,6.03 
528.0 ,0.0 ,0.0 ,185.0 ,6.9 ,920.0 ,720.0 ,28 ,5.68 
520.0 ,0.0 ,0.0 ,175.0 ,5.2 ,870.0 ,805.0 ,28 ,5.10 
385.0 ,0.0 ,136.0 ,158.0 ,20.0 ,903.0 ,768.0 ,28 ,5.56 
500.1 ,0.0 ,0.0 ,200.0 ,3.0 ,1124.4 ,613.2 ,28 ,4.41 
450.1 ,50.0 ,0.0 ,200.0 ,3.0 ,1124.4 ,613.2 ,28 ,3.94 
397.0 ,17.2 ,158.0 ,167.0 ,20.8 ,967.0 ,633.0 ,28 ,5.56 
333.0 ,17.5 ,163.0 ,167.0 ,17.9 ,996.0 ,652.0 ,28 ,4.73 
334.0 ,17.6 ,158.0 ,189.0 ,15.3 ,967.0 ,633.0 ,28 ,4.43 
405.0 ,0.0 ,0.0 ,175.0 ,0.0 ,1120.0 ,695.0 ,28 ,5.23 
200.0 ,200.0 ,0.0 ,190.0 ,0.0 ,1145.0 ,660.0 ,28 ,4.92 
516.0 ,0.0 ,0.0 ,162.0 ,8.3 ,801.0 ,802.0 ,28 ,4.14 
145.0 ,116.0 ,119.0 ,184.0 ,5.7 ,833.0 ,880.0 ,28 ,2.92 
160.0 ,128.0 ,122.0 ,182.0 ,6.4 ,824.0 ,879.0 ,28 ,3.94 
234.0 ,156.0 ,0.0 ,189.0 ,5.9 ,981.0 ,760.0 ,28 ,3.93 
250.0 ,180.0 ,95.0 ,159.0 ,9.5 ,860.0 ,800.0 ,28 ,6.79 
475.0 ,0.0 ,0.0 ,162.0 ,9.5 ,1044.0 ,662.0 ,28 ,5.85 
285.0 ,190.0 ,0.0 ,163.0 ,7.6 ,1031.0 ,685.0 ,28 ,5.36 
356.0 ,119.0 ,0.0 ,160.0 ,9.0 ,1061.0 ,657.0 ,28 ,5.90 
275.0 ,180.0 ,120.0 ,162.0 ,10.4 ,830.0 ,765.0 ,28 ,7.62 
500.0 ,0.0 ,0.0 ,151.0 ,9.0 ,1033.0 ,655.0 ,28 ,6.98 
165.0 ,0.0 ,143.6 ,163.8 ,0.0 ,1005.6 ,900.9 ,3 ,1.44 
165.0 ,128.5 ,132.1 ,175.1 ,8.1 ,1005.8 ,746.6 ,3 ,1.94 
178.0 ,129.8 ,118.6 ,179.9 ,3.6 ,1007.3 ,746.8 ,3 ,2.07 
167.4 ,129.9 ,128.6 ,175.5 ,7.8 ,1006.3 ,746.6 ,3 ,1.49 
172.4 ,13.6 ,172.4 ,156.8 ,4.1 ,1006.3 ,856.4 ,3 ,2.13 
173.5 ,50.1 ,173.5 ,164.8 ,6.5 ,1006.2 ,793.5 ,3 ,2.31 
167.0 ,75.4 ,167.0 ,164.0 ,7.9 ,1007.3 ,770.1 ,3 ,1.55 
173.8 ,93.4 ,159.9 ,172.3 ,9.7 ,1007.2 ,746.6 ,3 ,1.58 
190.3 ,0.0 ,125.2 ,166.6 ,9.9 ,1079.0 ,798.9 ,3 ,1.25 
250.0 ,0.0 ,95.7 ,191.8 ,5.3 ,948.9 ,857.2 ,3 ,0.85 
213.5 ,0.0 ,174.2 ,159.2 ,11.7 ,1043.6 ,771.9 ,3 ,1.56 
194.7 ,0.0 ,100.5 ,170.2 ,7.5 ,998.0 ,901.8 ,3 ,1.22 
251.4 ,0.0 ,118.3 ,192.9 ,5.8 ,1043.6 ,754.3 ,3 ,1.20 
165.0 ,0.0 ,143.6 ,163.8 ,0.0 ,1005.6 ,900.9 ,14 ,1.69 
165.0 ,128.5 ,132.1 ,175.1 ,8.1 ,1005.8 ,746.6 ,14 ,3.31 
178.0 ,129.8 ,118.6 ,179.9 ,3.6 ,1007.3 ,746.8 ,14 ,3.42 
167.4 ,129.9 ,128.6 ,175.5 ,7.8 ,1006.3 ,746.6 ,14 ,3.18 
172.4 ,13.6 ,172.4 ,156.8 ,4.1 ,1006.3 ,856.4 ,14 ,2.98 
173.5 ,50.1 ,173.5 ,164.8 ,6.5 ,1006.2 ,793.5 ,14 ,3.30 
167.0 ,75.4 ,167.0 ,164.0 ,7.9 ,1007.3 ,770.1 ,14 ,3.29 
173.8 ,93.4 ,159.9 ,172.3 ,9.7 ,1007.2 ,746.6 ,14 ,2.96 
190.3 ,0.0 ,125.2 ,166.6 ,9.9 ,1079.0 ,798.9 ,14 ,1.94 
250.0 ,0.0 ,95.7 ,191.8 ,5.3 ,948.9 ,857.2 ,14 ,2.47 
213.5 ,0.0 ,174.2 ,159.2 ,11.7 ,1043.6 ,771.9 ,14 ,2.96 
194.7 ,0.0 ,100.5 ,170.2 ,7.5 ,998.0 ,901.8 ,14 ,2.43 
251.4 ,0.0 ,118.3 ,192.9 ,5.8 ,1043.6 ,754.3 ,14 ,2.07 
165.0 ,0.0 ,143.6 ,163.8 ,0.0 ,1005.6 ,900.9 ,28 ,2.62 
165.0 ,128.5 ,132.1 ,175.1 ,8.1 ,1005.8 ,746.6 ,28 ,4.64 
178.0 ,129.8 ,118.6 ,179.9 ,3.6 ,1007.3 ,746.8 ,28 ,3.92 
167.4 ,129.9 ,128.6 ,175.5 ,7.8 ,1006.3 ,746.6 ,28 ,4.12 
172.4 ,13.6 ,172.4 ,156.8 ,4.1 ,1006.3 ,856.4 ,28 ,3.37 
173.5 ,50.1 ,173.5 ,164.8 ,6.5 ,1006.2 ,793.5 ,28 ,3.82 
167.0 ,75.4 ,167.0 ,164.0 ,7.9 ,1007.3 ,770.1 ,28 ,4.14 
173.8 ,93.4 ,159.9 ,172.3 ,9.7 ,1007.2 ,746.6 ,28 ,3.78 
190.3 ,0.0 ,125.2 ,166.6 ,9.9 ,1079.0 ,798.9 ,28 ,2.48 
250.0 ,0.0 ,95.7 ,191.8 ,5.3 ,948.9 ,857.2 ,28 ,2.72 
213.5 ,0.0 ,174.2 ,159.2 ,11.7 ,1043.6 ,771.9 ,28 ,4.46 
194.7 ,0.0 ,100.5 ,170.2 ,7.5 ,998.0 ,901.8 ,28 ,3.73 
251.4 ,0.0 ,118.3 ,192.9 ,5.8 ,1043.6 ,754.3 ,28 ,3.33 
165.0 ,0.0 ,143.6 ,163.8 ,0.0 ,1005.6 ,900.9 ,56 ,3.66 
165.0 ,128.5 ,132.1 ,175.1 ,8.1 ,1005.8 ,746.6 ,56 ,5.37 
178.0 ,129.8 ,118.6 ,179.9 ,3.6 ,1007.3 ,746.8 ,56 ,4.86 
167.4 ,129.9 ,128.6 ,175.5 ,7.8 ,1006.3 ,746.6 ,56 ,5.17 
172.4 ,13.6 ,172.4 ,156.8 ,4.1 ,1006.3 ,856.4 ,56 ,3.59 
173.5 ,50.1 ,173.5 ,164.8 ,6.5 ,1006.2 ,793.5 ,56 ,5.38 
167.0 ,75.4 ,167.0 ,164.0 ,7.9 ,1007.3 ,770.1 ,56 ,5.35 
173.8 ,93.4 ,159.9 ,172.3 ,9.7 ,1007.2 ,746.6 ,56 ,4.90 
190.3 ,0.0 ,125.2 ,166.6 ,9.9 ,1079.0 ,798.9 ,56 ,3.17 
250.0 ,0.0 ,95.7 ,191.8 ,5.3 ,948.9 ,857.2 ,56 ,3.96 
213.5 ,0.0 ,174.2 ,159.2 ,11.7 ,1043.6 ,771.9 ,56 ,5.13 
194.7 ,0.0 ,100.5 ,170.2 ,7.5 ,998.0 ,901.8 ,56 ,4.34 
251.4 ,0.0 ,118.3 ,192.9 ,5.8 ,1043.6 ,754.3 ,56 ,3.93 
165.0 ,0.0 ,143.6 ,163.8 ,0.0 ,1005.6 ,900.9 ,100 ,3.80 
165.0 ,128.5 ,132.1 ,175.1 ,8.1 ,1005.8 ,746.6 ,100 ,5.50 
178.0 ,129.8 ,118.6 ,179.9 ,3.6 ,1007.3 ,746.8 ,100 ,5.00 
167.4 ,129.9 ,128.6 ,175.5 ,7.8 ,1006.3 ,746.6 ,100 ,5.37 
172.4 ,13.6 ,172.4 ,156.8 ,4.1 ,1006.3 ,856.4 ,100 ,3.77 
173.5 ,50.1 ,173.5 ,164.8 ,6.5 ,1006.2 ,793.5 ,100 ,5.61 
167.0 ,75.4 ,167.0 ,164.0 ,7.9 ,1007.3 ,770.1 ,100 ,5.68 
173.8 ,93.4 ,159.9 ,172.3 ,9.7 ,1007.2 ,746.6 ,100 ,5.09 
190.3 ,0.0 ,125.2 ,166.6 ,9.9 ,1079.0 ,798.9 ,100 ,3.36 
250.0 ,0.0 ,95.7 ,191.8 ,5.3 ,948.9 ,857.2 ,100 ,4.12 
213.5 ,0.0 ,174.2 ,159.2 ,11.7 ,1043.6 ,771.9 ,100 ,5.30 
194.7 ,0.0 ,100.5 ,170.2 ,7.5 ,998.0 ,901.8 ,100 ,4.43 
251.4 ,0.0 ,118.3 ,192.9 ,5.8 ,1043.6 ,754.3 ,100 ,4.01 
446.0 ,24.0 ,79.0 ,162.0 ,11.6 ,967.0 ,712.0 ,28 ,5.70 
446.0 ,24.0 ,79.0 ,162.0 ,11.6 ,967.0 ,712.0 ,28 ,4.44 
446.0 ,24.0 ,79.0 ,162.0 ,11.6 ,967.0 ,712.0 ,28 ,5.10 
446.0 ,24.0 ,79.0 ,162.0 ,10.3 ,967.0 ,712.0 ,28 ,5.34 
446.0 ,24.0 ,79.0 ,162.0 ,11.6 ,967.0 ,712.0 ,3 ,3.54 
446.0 ,24.0 ,79.0 ,162.0 ,11.6 ,967.0 ,712.0 ,3 ,2.50 
446.0 ,24.0 ,79.0 ,162.0 ,11.6 ,967.0 ,712.0 ,3 ,2.33 
446.0 ,24.0 ,79.0 ,162.0 ,11.6 ,967.0 ,712.0 ,7 ,5.20 
446.0 ,24.0 ,79.0 ,162.0 ,11.6 ,967.0 ,712.0 ,7 ,3.80 
446.0 ,24.0 ,79.0 ,162.0 ,11.6 ,967.0 ,712.0 ,7 ,3.93 
446.0 ,24.0 ,79.0 ,162.0 ,11.6 ,967.0 ,712.0 ,56 ,6.11 
446.0 ,24.0 ,79.0 ,162.0 ,11.6 ,967.0 ,712.0 ,56 ,5.61 
446.0 ,24.0 ,79.0 ,162.0 ,11.6 ,967.0 ,712.0 ,56 ,5.53 
446.0 ,24.0 ,79.0 ,162.0 ,10.3 ,967.0 ,712.0 ,56 ,5.48 
387.0 ,20.0 ,94.0 ,157.0 ,14.3 ,938.0 ,845.0 ,28 ,5.02 
387.0 ,20.0 ,94.0 ,157.0 ,13.9 ,938.0 ,845.0 ,28 ,4.67 
387.0 ,20.0 ,94.0 ,157.0 ,11.6 ,938.0 ,845.0 ,28 ,4.67 
387.0 ,20.0 ,94.0 ,157.0 ,14.3 ,938.0 ,845.0 ,3 ,2.28 
387.0 ,20.0 ,94.0 ,157.0 ,13.9 ,938.0 ,845.0 ,3 ,2.55 
387.0 ,20.0 ,94.0 ,157.0 ,11.6 ,938.0 ,845.0 ,3 ,3.48 
387.0 ,20.0 ,94.0 ,157.0 ,14.3 ,938.0 ,845.0 ,7 ,3.68 
387.0 ,20.0 ,94.0 ,157.0 ,13.9 ,938.0 ,845.0 ,7 ,4.59 
387.0 ,20.0 ,94.0 ,157.0 ,11.6 ,938.0 ,845.0 ,7 ,4.17 
387.0 ,20.0 ,94.0 ,157.0 ,14.3 ,938.0 ,845.0 ,56 ,5.63 
387.0 ,20.0 ,94.0 ,157.0 ,13.9 ,938.0 ,845.0 ,56 ,4.80 
387.0 ,20.0 ,94.0 ,157.0 ,11.6 ,938.0 ,845.0 ,56 ,6.15 
355.0 ,19.0 ,97.0 ,145.0 ,13.1 ,967.0 ,871.0 ,28 ,4.40 
355.0 ,19.0 ,97.0 ,145.0 ,12.3 ,967.0 ,871.0 ,28 ,5.55 
491.0 ,26.0 ,123.0 ,210.0 ,3.9 ,882.0 ,699.0 ,28 ,5.56 
491.0 ,26.0 ,123.0 ,201.0 ,3.9 ,822.0 ,699.0 ,28 ,5.79 
491.0 ,26.0 ,123.0 ,210.0 ,3.9 ,882.0 ,699.0 ,3 ,2.56 
491.0 ,26.0 ,123.0 ,210.0 ,3.9 ,882.0 ,699.0 ,7 ,3.35 
491.0 ,26.0 ,123.0 ,210.0 ,3.9 ,882.0 ,699.0 ,56 ,5.96 
491.0 ,26.0 ,123.0 ,201.0 ,3.9 ,822.0 ,699.0 ,3 ,2.95 
491.0 ,26.0 ,123.0 ,201.0 ,3.9 ,822.0 ,699.0 ,7 ,3.79 
491.0 ,26.0 ,123.0 ,201.0 ,3.9 ,822.0 ,699.0 ,56 ,6.19 
424.0 ,22.0 ,132.0 ,178.0 ,8.5 ,822.0 ,750.0 ,28 ,6.21 
424.0 ,22.0 ,132.0 ,178.0 ,8.5 ,882.0 ,750.0 ,3 ,3.20 
424.0 ,22.0 ,132.0 ,168.0 ,8.9 ,822.0 ,750.0 ,28 ,7.21 
424.0 ,22.0 ,132.0 ,178.0 ,8.5 ,822.0 ,750.0 ,7 ,3.90 
424.0 ,22.0 ,132.0 ,178.0 ,8.5 ,822.0 ,750.0 ,56 ,6.57 
424.0 ,22.0 ,132.0 ,168.0 ,8.9 ,822.0 ,750.0 ,3 ,3.21 
424.0 ,22.0 ,132.0 ,168.0 ,8.9 ,822.0 ,750.0 ,7 ,4.03 
424.0 ,22.0 ,132.0 ,168.0 ,8.9 ,822.0 ,750.0 ,56 ,7.44 
202.0 ,11.0 ,141.0 ,206.0 ,1.7 ,942.0 ,801.0 ,28 ,2.20 
202.0 ,11.0 ,141.0 ,206.0 ,1.7 ,942.0 ,801.0 ,3 ,0.98 
202.0 ,11.0 ,141.0 ,206.0 ,1.7 ,942.0 ,801.0 ,7 ,1.51 
202.0 ,11.0 ,141.0 ,206.0 ,1.7 ,942.0 ,801.0 ,56 ,2.32 
284.0 ,15.0 ,141.0 ,179.0 ,5.5 ,842.0 ,801.0 ,28 ,4.37 
284.0 ,15.0 ,141.0 ,179.0 ,5.5 ,842.0 ,801.0 ,3 ,1.34 
284.0 ,15.0 ,141.0 ,179.0 ,5.5 ,842.0 ,801.0 ,7 ,2.41 
284.0 ,15.0 ,141.0 ,179.0 ,5.5 ,842.0 ,801.0 ,56 ,4.45 
359.0 ,19.0 ,141.0 ,154.0 ,10.9 ,942.0 ,801.0 ,28 ,6.29 
359.0 ,19.0 ,141.0 ,154.0 ,10.9 ,942.0 ,801.0 ,28 ,5.95 
359.0 ,19.0 ,141.0 ,154.0 ,10.9 ,942.0 ,801.0 ,3 ,2.51 
359.0 ,19.0 ,141.0 ,154.0 ,10.9 ,942.0 ,801.0 ,3 ,2.36 
359.0 ,19.0 ,141.0 ,154.0 ,10.9 ,942.0 ,801.0 ,7 ,3.58 
359.0 ,19.0 ,141.0 ,154.0 ,10.9 ,942.0 ,801.0 ,7 ,3.86 
359.0 ,19.0 ,141.0 ,154.0 ,10.9 ,942.0 ,801.0 ,56 ,6.88 
359.0 ,19.0 ,141.0 ,154.0 ,10.9 ,942.0 ,801.0 ,56 ,6.68 
436.0 ,0.0 ,0.0 ,218.0 ,0.0 ,838.4 ,719.7 ,28 ,2.38 
289.0 ,0.0 ,0.0 ,192.0 ,0.0 ,913.2 ,895.3 ,90 ,3.21 
289.0 ,0.0 ,0.0 ,192.0 ,0.0 ,913.2 ,895.3 ,3 ,1.17 
393.0 ,0.0 ,0.0 ,192.0 ,0.0 ,940.6 ,785.6 ,3 ,1.92 
393.0 ,0.0 ,0.0 ,192.0 ,0.0 ,940.6 ,785.6 ,90 ,4.88 
393.0 ,0.0 ,0.0 ,192.0 ,0.0 ,940.6 ,785.6 ,28 ,3.96 
480.0 ,0.0 ,0.0 ,192.0 ,0.0 ,936.2 ,712.2 ,28 ,4.39 
480.0 ,0.0 ,0.0 ,192.0 ,0.0 ,936.2 ,712.2 ,7 ,3.46 
480.0 ,0.0 ,0.0 ,192.0 ,0.0 ,936.2 ,712.2 ,90 ,5.43 
480.0 ,0.0 ,0.0 ,192.0 ,0.0 ,936.2 ,712.2 ,3 ,2.44 
333.0 ,0.0 ,0.0 ,192.0 ,0.0 ,931.2 ,842.6 ,3 ,1.56 
255.0 ,0.0 ,0.0 ,192.0 ,0.0 ,889.8 ,945.0 ,90 ,2.19 
255.0 ,0.0 ,0.0 ,192.0 ,0.0 ,889.8 ,945.0 ,7 ,1.02 
289.0 ,0.0 ,0.0 ,192.0 ,0.0 ,913.2 ,895.3 ,7 ,1.46 
255.0 ,0.0 ,0.0 ,192.0 ,0.0 ,889.8 ,945.0 ,28 ,1.87 
333.0 ,0.0 ,0.0 ,192.0 ,0.0 ,931.2 ,842.6 ,28 ,3.20 
333.0 ,0.0 ,0.0 ,192.0 ,0.0 ,931.2 ,842.6 ,7 ,2.34 
289.0 ,0.0 ,0.0 ,192.0 ,0.0 ,913.2 ,895.3 ,28 ,2.56 
333.0 ,0.0 ,0.0 ,192.0 ,0.0 ,931.2 ,842.6 ,90 ,4.17 
393.0 ,0.0 ,0.0 ,192.0 ,0.0 ,940.6 ,785.6 ,7 ,2.77 
255.0 ,0.0 ,0.0 ,192.0 ,0.0 ,889.8 ,945.0 ,3 ,0.82 
158.8 ,238.2 ,0.0 ,185.7 ,0.0 ,1040.6 ,734.3 ,7 ,0.96 
239.6 ,359.4 ,0.0 ,185.7 ,0.0 ,941.6 ,664.3 ,7 ,2.54 
238.2 ,158.8 ,0.0 ,185.7 ,0.0 ,1040.6 ,734.3 ,7 ,1.57 
181.9 ,272.8 ,0.0 ,185.7 ,0.0 ,1012.4 ,714.3 ,28 ,2.79 
193.5 ,290.2 ,0.0 ,185.7 ,0.0 ,998.2 ,704.3 ,28 ,3.26 
255.5 ,170.3 ,0.0 ,185.7 ,0.0 ,1026.6 ,724.3 ,7 ,1.72 
272.8 ,181.9 ,0.0 ,185.7 ,0.0 ,1012.4 ,714.3 ,7 ,1.98 
239.6 ,359.4 ,0.0 ,185.7 ,0.0 ,941.6 ,664.3 ,28 ,3.94 
220.8 ,147.2 ,0.0 ,185.7 ,0.0 ,1055.0 ,744.3 ,28 ,2.57 
397.0 ,0.0 ,0.0 ,185.7 ,0.0 ,1040.6 ,734.3 ,28 ,3.31 
382.5 ,0.0 ,0.0 ,185.7 ,0.0 ,1047.8 ,739.3 ,7 ,2.41 
210.7 ,316.1 ,0.0 ,185.7 ,0.0 ,977.0 ,689.3 ,7 ,2.18 
158.8 ,238.2 ,0.0 ,185.7 ,0.0 ,1040.6 ,734.3 ,28 ,2.11 
295.8 ,0.0 ,0.0 ,185.7 ,0.0 ,1091.4 ,769.3 ,7 ,1.48 
255.5 ,170.3 ,0.0 ,185.7 ,0.0 ,1026.6 ,724.3 ,28 ,3.21 
203.5 ,135.7 ,0.0 ,185.7 ,0.0 ,1076.2 ,759.3 ,7 ,1.20 
397.0 ,0.0 ,0.0 ,185.7 ,0.0 ,1040.6 ,734.3 ,7 ,2.54 
381.4 ,0.0 ,0.0 ,185.7 ,0.0 ,1104.6 ,784.3 ,28 ,2.25 
295.8 ,0.0 ,0.0 ,185.7 ,0.0 ,1091.4 ,769.3 ,28 ,2.52 
228.0 ,342.1 ,0.0 ,185.7 ,0.0 ,955.8 ,674.3 ,28 ,3.97 
220.8 ,147.2 ,0.0 ,185.7 ,0.0 ,1055.0 ,744.3 ,7 ,1.31 
316.1 ,210.7 ,0.0 ,185.7 ,0.0 ,977.0 ,689.3 ,28 ,3.87 
135.7 ,203.5 ,0.0 ,185.7 ,0.0 ,1076.2 ,759.3 ,7 ,0.75 
238.1 ,0.0 ,0.0 ,185.7 ,0.0 ,1118.8 ,789.3 ,28 ,1.76 
339.2 ,0.0 ,0.0 ,185.7 ,0.0 ,1069.2 ,754.3 ,7 ,2.12 
135.7 ,203.5 ,0.0 ,185.7 ,0.0 ,1076.2 ,759.3 ,28 ,1.82 
193.5 ,290.2 ,0.0 ,185.7 ,0.0 ,998.2 ,704.3 ,7 ,1.72 
203.5 ,135.7 ,0.0 ,185.7 ,0.0 ,1076.2 ,759.3 ,28 ,2.26 
290.2 ,193.5 ,0.0 ,185.7 ,0.0 ,998.2 ,704.3 ,7 ,2.19 
181.9 ,272.8 ,0.0 ,185.7 ,0.0 ,1012.4 ,714.3 ,7 ,1.24 
170.3 ,155.5 ,0.0 ,185.7 ,0.0 ,1026.6 ,724.3 ,28 ,2.57 
210.7 ,316.1 ,0.0 ,185.7 ,0.0 ,977.0 ,689.3 ,28 ,3.78 
228.0 ,342.1 ,0.0 ,185.7 ,0.0 ,955.8 ,674.3 ,7 ,2.19 
290.2 ,193.5 ,0.0 ,185.7 ,0.0 ,998.2 ,704.3 ,28 ,3.30 
381.4 ,0.0 ,0.0 ,185.7 ,0.0 ,1104.6 ,784.3 ,7 ,1.45 
238.2 ,158.8 ,0.0 ,185.7 ,0.0 ,1040.6 ,734.3 ,28 ,2.69 
186.2 ,124.1 ,0.0 ,185.7 ,0.0 ,1083.4 ,764.3 ,7 ,0.80 
339.2 ,0.0 ,0.0 ,185.7 ,0.0 ,1069.2 ,754.3 ,28 ,3.19 
238.1 ,0.0 ,0.0 ,185.7 ,0.0 ,1118.8 ,789.3 ,7 ,1.03 
252.5 ,0.0 ,0.0 ,185.7 ,0.0 ,1111.6 ,784.3 ,28 ,1.98 
382.5 ,0.0 ,0.0 ,185.7 ,0.0 ,1047.8 ,739.3 ,28 ,3.74 
252.5 ,0.0 ,0.0 ,185.7 ,0.0 ,1111.6 ,784.3 ,7 ,1.15 
316.1 ,210.7 ,0.0 ,185.7 ,0.0 ,977.0 ,689.3 ,7 ,2.44 
186.2 ,124.1 ,0.0 ,185.7 ,0.0 ,1083.4 ,764.3 ,28 ,1.76 
170.3 ,155.5 ,0.0 ,185.7 ,0.0 ,1026.6 ,724.3 ,7 ,1.07 
272.8 ,181.9 ,0.0 ,185.7 ,0.0 ,1012.4 ,714.3 ,28 ,3.14 
339.0 ,0.0 ,0.0 ,197.0 ,0.0 ,968.0 ,781.0 ,3 ,1.32 
339.0 ,0.0 ,0.0 ,197.0 ,0.0 ,968.0 ,781.0 ,7 ,2.10 
339.0 ,0.0 ,0.0 ,197.0 ,0.0 ,968.0 ,781.0 ,14 ,2.70 
339.0 ,0.0 ,0.0 ,197.0 ,0.0 ,968.0 ,781.0 ,28 ,3.20 
339.0 ,0.0 ,0.0 ,197.0 ,0.0 ,968.0 ,781.0 ,90 ,3.52 
339.0 ,0.0 ,0.0 ,197.0 ,0.0 ,968.0 ,781.0 ,180 ,3.64 
339.0 ,0.0 ,0.0 ,197.0 ,0.0 ,968.0 ,781.0 ,365 ,3.89 
236.0 ,0.0 ,0.0 ,194.0 ,0.0 ,968.0 ,885.0 ,3 ,0.65 
236.0 ,0.0 ,0.0 ,194.0 ,0.0 ,968.0 ,885.0 ,14 ,1.28 
236.0 ,0.0 ,0.0 ,194.0 ,0.0 ,968.0 ,885.0 ,28 ,1.84 
236.0 ,0.0 ,0.0 ,194.0 ,0.0 ,968.0 ,885.0 ,90 ,2.19 
236.0 ,0.0 ,0.0 ,193.0 ,0.0 ,968.0 ,885.0 ,180 ,2.41 
236.0 ,0.0 ,0.0 ,193.0 ,0.0 ,968.0 ,885.0 ,365 ,2.51 
277.0 ,0.0 ,0.0 ,191.0 ,0.0 ,968.0 ,856.0 ,14 ,2.13 
277.0 ,0.0 ,0.0 ,191.0 ,0.0 ,968.0 ,856.0 ,28 ,2.60 
277.0 ,0.0 ,0.0 ,191.0 ,0.0 ,968.0 ,856.0 ,3 ,1.14 
277.0 ,0.0 ,0.0 ,191.0 ,0.0 ,968.0 ,856.0 ,90 ,3.13 
277.0 ,0.0 ,0.0 ,191.0 ,0.0 ,968.0 ,856.0 ,180 ,3.23 
277.0 ,0.0 ,0.0 ,191.0 ,0.0 ,968.0 ,856.0 ,360 ,3.37 
254.0 ,0.0 ,0.0 ,198.0 ,0.0 ,968.0 ,863.0 ,3 ,0.93 
254.0 ,0.0 ,0.0 ,198.0 ,0.0 ,968.0 ,863.0 ,90 ,2.69 
254.0 ,0.0 ,0.0 ,198.0 ,0.0 ,968.0 ,863.0 ,180 ,2.76 
254.0 ,0.0 ,0.0 ,198.0 ,0.0 ,968.0 ,863.0 ,365 ,2.98 
307.0 ,0.0 ,0.0 ,193.0 ,0.0 ,968.0 ,812.0 ,180 ,3.45 
307.0 ,0.0 ,0.0 ,193.0 ,0.0 ,968.0 ,812.0 ,365 ,3.61 
307.0 ,0.0 ,0.0 ,193.0 ,0.0 ,968.0 ,812.0 ,3 ,1.25 
307.0 ,0.0 ,0.0 ,193.0 ,0.0 ,968.0 ,812.0 ,28 ,2.75 
307.0 ,0.0 ,0.0 ,193.0 ,0.0 ,968.0 ,812.0 ,90 ,3.29 
236.0 ,0.0 ,0.0 ,193.0 ,0.0 ,968.0 ,885.0 ,7 ,1.00 
200.0 ,0.0 ,0.0 ,180.0 ,0.0 ,1125.0 ,845.0 ,7 ,0.78 
200.0 ,0.0 ,0.0 ,180.0 ,0.0 ,1125.0 ,845.0 ,28 ,1.22 
225.0 ,0.0 ,0.0 ,181.0 ,0.0 ,1113.0 ,833.0 ,7 ,1.12 
225.0 ,0.0 ,0.0 ,181.0 ,0.0 ,1113.0 ,833.0 ,28 ,1.73 
325.0 ,0.0 ,0.0 ,184.0 ,0.0 ,1063.0 ,783.0 ,7 ,1.75 
325.0 ,0.0 ,0.0 ,184.0 ,0.0 ,1063.0 ,783.0 ,28 ,3.06 
275.0 ,0.0 ,0.0 ,183.0 ,0.0 ,1088.0 ,808.0 ,7 ,1.42 
275.0 ,0.0 ,0.0 ,183.0 ,0.0 ,1088.0 ,808.0 ,28 ,2.45 
300.0 ,0.0 ,0.0 ,184.0 ,0.0 ,1075.0 ,795.0 ,7 ,1.56 
300.0 ,0.0 ,0.0 ,184.0 ,0.0 ,1075.0 ,795.0 ,28 ,2.68 
375.0 ,0.0 ,0.0 ,186.0 ,0.0 ,1038.0 ,758.0 ,7 ,2.61 
375.0 ,0.0 ,0.0 ,186.0 ,0.0 ,1038.0 ,758.0 ,28 ,3.82 
400.0 ,0.0 ,0.0 ,187.0 ,0.0 ,1025.0 ,745.0 ,28 ,4.37 
400.0 ,0.0 ,0.0 ,187.0 ,0.0 ,1025.0 ,745.0 ,7 ,3.01 
250.0 ,0.0 ,0.0 ,182.0 ,0.0 ,1100.0 ,820.0 ,7 ,1.27 
250.0 ,0.0 ,0.0 ,182.0 ,0.0 ,1100.0 ,820.0 ,28 ,2.09 
350.0 ,0.0 ,0.0 ,186.0 ,0.0 ,1050.0 ,770.0 ,7 ,2.03 
350.0 ,0.0 ,0.0 ,186.0 ,0.0 ,1050.0 ,770.0 ,28 ,3.43 
203.5 ,305.3 ,0.0 ,203.5 ,0.0 ,963.4 ,630.0 ,7 ,1.95 
250.2 ,166.8 ,0.0 ,203.5 ,0.0 ,977.6 ,694.1 ,90 ,4.77 
157.0 ,236.0 ,0.0 ,192.0 ,0.0 ,935.4 ,781.2 ,90 ,4.34 
141.3 ,212.0 ,0.0 ,203.5 ,0.0 ,971.8 ,748.5 ,28 ,2.99 
166.8 ,250.2 ,0.0 ,203.5 ,0.0 ,975.6 ,692.6 ,3 ,0.69 
122.6 ,183.9 ,0.0 ,203.5 ,0.0 ,958.2 ,800.1 ,90 ,3.32 
183.9 ,122.6 ,0.0 ,203.5 ,0.0 ,959.2 ,800.0 ,3 ,0.49 
102.0 ,153.0 ,0.0 ,192.0 ,0.0 ,887.0 ,942.0 ,3 ,0.46 
102.0 ,153.0 ,0.0 ,192.0 ,0.0 ,887.0 ,942.0 ,90 ,2.55 
122.6 ,183.9 ,0.0 ,203.5 ,0.0 ,958.2 ,800.1 ,28 ,2.43 
166.8 ,250.2 ,0.0 ,203.5 ,0.0 ,975.6 ,692.6 ,28 ,3.39 
200.0 ,133.0 ,0.0 ,192.0 ,0.0 ,965.4 ,806.2 ,3 ,1.14 
108.3 ,162.4 ,0.0 ,203.5 ,0.0 ,938.2 ,849.0 ,28 ,2.06 
305.3 ,203.5 ,0.0 ,203.5 ,0.0 ,965.4 ,631.0 ,7 ,2.59 
108.3 ,162.4 ,0.0 ,203.5 ,0.0 ,938.2 ,849.0 ,90 ,2.92 
116.0 ,173.0 ,0.0 ,192.0 ,0.0 ,909.8 ,891.9 ,90 ,3.10 
141.3 ,212.0 ,0.0 ,203.5 ,0.0 ,971.8 ,748.5 ,7 ,1.04 
157.0 ,236.0 ,0.0 ,192.0 ,0.0 ,935.4 ,781.2 ,28 ,3.37 
133.0 ,200.0 ,0.0 ,192.0 ,0.0 ,927.4 ,839.2 ,28 ,2.79 
250.2 ,166.8 ,0.0 ,203.5 ,0.0 ,977.6 ,694.1 ,7 ,1.94 
173.0 ,116.0 ,0.0 ,192.0 ,0.0 ,946.8 ,856.8 ,7 ,1.14 
192.0 ,288.0 ,0.0 ,192.0 ,0.0 ,929.8 ,716.1 ,3 ,1.28 
192.0 ,288.0 ,0.0 ,192.0 ,0.0 ,929.8 ,716.1 ,28 ,3.93 
153.0 ,102.0 ,0.0 ,192.0 ,0.0 ,888.0 ,943.1 ,3 ,0.48 
288.0 ,192.0 ,0.0 ,192.0 ,0.0 ,932.0 ,717.8 ,3 ,1.61 
305.3 ,203.5 ,0.0 ,203.5 ,0.0 ,965.4 ,631.0 ,28 ,4.34 
236.0 ,157.0 ,0.0 ,192.0 ,0.0 ,972.6 ,749.1 ,7 ,2.04 
173.0 ,116.0 ,0.0 ,192.0 ,0.0 ,946.8 ,856.8 ,3 ,0.69 
212.0 ,141.3 ,0.0 ,203.5 ,0.0 ,973.4 ,750.0 ,7 ,1.50 
236.0 ,157.0 ,0.0 ,192.0 ,0.0 ,972.6 ,749.1 ,3 ,1.36 
183.9 ,122.6 ,0.0 ,203.5 ,0.0 ,959.2 ,800.0 ,90 ,3.25 
166.8 ,250.2 ,0.0 ,203.5 ,0.0 ,975.6 ,692.6 ,7 ,1.57 
102.0 ,153.0 ,0.0 ,192.0 ,0.0 ,887.0 ,942.0 ,7 ,0.77 
288.0 ,192.0 ,0.0 ,192.0 ,0.0 ,932.0 ,717.8 ,28 ,3.88 
212.0 ,141.3 ,0.0 ,203.5 ,0.0 ,973.4 ,750.0 ,28 ,3.30 
102.0 ,153.0 ,0.0 ,192.0 ,0.0 ,887.0 ,942.0 ,28 ,1.73 
173.0 ,116.0 ,0.0 ,192.0 ,0.0 ,946.8 ,856.8 ,28 ,2.43 
183.9 ,122.6 ,0.0 ,203.5 ,0.0 ,959.2 ,800.0 ,28 ,2.40 
133.0 ,200.0 ,0.0 ,192.0 ,0.0 ,927.4 ,839.2 ,90 ,3.66 
192.0 ,288.0 ,0.0 ,192.0 ,0.0 ,929.8 ,716.1 ,90 ,5.07 
133.0 ,200.0 ,0.0 ,192.0 ,0.0 ,927.4 ,839.2 ,7 ,1.37 
305.3 ,203.5 ,0.0 ,203.5 ,0.0 ,965.4 ,631.0 ,3 ,1.41 
236.0 ,157.0 ,0.0 ,192.0 ,0.0 ,972.6 ,749.1 ,90 ,4.78 
108.3 ,162.4 ,0.0 ,203.5 ,0.0 ,938.2 ,849.0 ,3 ,0.23 
157.0 ,236.0 ,0.0 ,192.0 ,0.0 ,935.4 ,781.2 ,7 ,1.69 
288.0 ,192.0 ,0.0 ,192.0 ,0.0 ,932.0 ,717.8 ,7 ,2.35 
212.0 ,141.3 ,0.0 ,203.5 ,0.0 ,973.4 ,750.0 ,3 ,0.68 
212.0 ,141.3 ,0.0 ,203.5 ,0.0 ,973.4 ,750.0 ,90 ,3.97 
153.0 ,102.0 ,0.0 ,192.0 ,0.0 ,888.0 ,943.1 ,28 ,1.80 
236.0 ,157.0 ,0.0 ,192.0 ,0.0 ,972.6 ,749.1 ,28 ,3.29 
116.0 ,173.0 ,0.0 ,192.0 ,0.0 ,909.8 ,891.9 ,28 ,2.23 
183.9 ,122.6 ,0.0 ,203.5 ,0.0 ,959.2 ,800.0 ,7 ,1.08 
108.3 ,162.4 ,0.0 ,203.5 ,0.0 ,938.2 ,849.0 ,7 ,0.77 
203.5 ,305.3 ,0.0 ,203.5 ,0.0 ,963.4 ,630.0 ,28 ,4.17 
203.5 ,305.3 ,0.0 ,203.5 ,0.0 ,963.4 ,630.0 ,3 ,0.96 
133.0 ,200.0 ,0.0 ,192.0 ,0.0 ,927.4 ,839.2 ,3 ,0.69 
288.0 ,192.0 ,0.0 ,192.0 ,0.0 ,932.0 ,717.8 ,90 ,5.05 
200.0 ,133.0 ,0.0 ,192.0 ,0.0 ,965.4 ,806.2 ,7 ,1.72 
200.0 ,133.0 ,0.0 ,192.0 ,0.0 ,965.4 ,806.2 ,28 ,3.04 
250.2 ,166.8 ,0.0 ,203.5 ,0.0 ,977.6 ,694.1 ,3 ,0.97 
122.6 ,183.9 ,0.0 ,203.5 ,0.0 ,958.2 ,800.1 ,3 ,0.33 
153.0 ,102.0 ,0.0 ,192.0 ,0.0 ,888.0 ,943.1 ,90 ,2.63 
200.0 ,133.0 ,0.0 ,192.0 ,0.0 ,965.4 ,806.2 ,90 ,4.33 
116.0 ,173.0 ,0.0 ,192.0 ,0.0 ,909.8 ,891.9 ,3 ,0.63 
173.0 ,116.0 ,0.0 ,192.0 ,0.0 ,946.8 ,856.8 ,90 ,3.21 
250.2 ,166.8 ,0.0 ,203.5 ,0.0 ,977.6 ,694.1 ,28 ,3.70 
305.3 ,203.5 ,0.0 ,203.5 ,0.0 ,965.4 ,631.0 ,90 ,5.46 
192.0 ,288.0 ,0.0 ,192.0 ,0.0 ,929.8 ,716.1 ,7 ,2.15 
157.0 ,236.0 ,0.0 ,192.0 ,0.0 ,935.4 ,781.2 ,3 ,0.97 
153.0 ,102.0 ,0.0 ,192.0 ,0.0 ,888.0 ,943.1 ,7 ,0.84 
141.3 ,212.0 ,0.0 ,203.5 ,0.0 ,971.8 ,748.5 ,90 ,3.97 
116.0 ,173.0 ,0.0 ,192.0 ,0.0 ,909.8 ,891.9 ,7 ,1.01 
141.3 ,212.0 ,0.0 ,203.5 ,0.0 ,971.8 ,748.5 ,3 ,0.48 
122.6 ,183.9 ,0.0 ,203.5 ,0.0 ,958.2 ,800.1 ,7 ,1.04 
166.8 ,250.2 ,0.0 ,203.5 ,0.0 ,975.6 ,692.6 ,90 ,4.36 
203.5 ,305.3 ,0.0 ,203.5 ,0.0 ,963.4 ,630.0 ,90 ,5.19 
310.0 ,0.0 ,0.0 ,192.0 ,0.0 ,1012.0 ,830.0 ,3 ,1.19 
310.0 ,0.0 ,0.0 ,192.0 ,0.0 ,1012.0 ,830.0 ,7 ,1.72 
310.0 ,0.0 ,0.0 ,192.0 ,0.0 ,1012.0 ,830.0 ,28 ,2.78 
310.0 ,0.0 ,0.0 ,192.0 ,0.0 ,1012.0 ,830.0 ,90 ,3.58 
310.0 ,0.0 ,0.0 ,192.0 ,0.0 ,1012.0 ,830.0 ,120 ,3.87 
331.0 ,0.0 ,0.0 ,192.0 ,0.0 ,1025.0 ,821.0 ,3 ,1.43 
331.0 ,0.0 ,0.0 ,192.0 ,0.0 ,1025.0 ,821.0 ,7 ,1.74 
331.0 ,0.0 ,0.0 ,192.0 ,0.0 ,1025.0 ,821.0 ,28 ,3.17 
331.0 ,0.0 ,0.0 ,192.0 ,0.0 ,1025.0 ,821.0 ,90 ,3.79 
331.0 ,0.0 ,0.0 ,192.0 ,0.0 ,1025.0 ,821.0 ,120 ,3.94 
349.0 ,0.0 ,0.0 ,192.0 ,0.0 ,1056.0 ,809.0 ,3 ,1.59 
349.0 ,0.0 ,0.0 ,192.0 ,0.0 ,1056.0 ,809.0 ,7 ,0.90 
349.0 ,0.0 ,0.0 ,192.0 ,0.0 ,1056.0 ,809.0 ,28 ,3.36 
349.0 ,0.0 ,0.0 ,192.0 ,0.0 ,1056.0 ,809.0 ,90 ,4.07 
349.0 ,0.0 ,0.0 ,192.0 ,0.0 ,1056.0 ,809.0 ,120 ,4.09 
238.0 ,0.0 ,0.0 ,186.0 ,0.0 ,1119.0 ,789.0 ,7 ,1.21 
238.0 ,0.0 ,0.0 ,186.0 ,0.0 ,1119.0 ,789.0 ,28 ,1.75 
296.0 ,0.0 ,0.0 ,186.0 ,0.0 ,1090.0 ,769.0 ,7 ,1.89 
296.0 ,0.0 ,0.0 ,186.0 ,0.0 ,1090.0 ,769.0 ,28 ,2.52 
297.0 ,0.0 ,0.0 ,186.0 ,0.0 ,1040.0 ,734.0 ,7 ,3.10 
480.0 ,0.0 ,0.0 ,192.0 ,0.0 ,936.0 ,721.0 ,28 ,4.39 
480.0 ,0.0 ,0.0 ,192.0 ,0.0 ,936.0 ,721.0 ,90 ,5.43 
397.0 ,0.0 ,0.0 ,186.0 ,0.0 ,1040.0 ,734.0 ,28 ,3.69 
281.0 ,0.0 ,0.0 ,186.0 ,0.0 ,1104.0 ,774.0 ,7 ,1.45 
281.0 ,0.0 ,0.0 ,185.0 ,0.0 ,1104.0 ,774.0 ,28 ,2.24 
500.0 ,0.0 ,0.0 ,200.0 ,0.0 ,1125.0 ,613.0 ,1 ,1.26 
500.0 ,0.0 ,0.0 ,200.0 ,0.0 ,1125.0 ,613.0 ,3 ,2.61 
500.0 ,0.0 ,0.0 ,200.0 ,0.0 ,1125.0 ,613.0 ,7 ,3.32 
500.0 ,0.0 ,0.0 ,200.0 ,0.0 ,1125.0 ,613.0 ,14 ,3.69 
500.0 ,0.0 ,0.0 ,200.0 ,0.0 ,1125.0 ,613.0 ,28 ,4.41 
540.0 ,0.0 ,0.0 ,173.0 ,0.0 ,1125.0 ,613.0 ,7 ,5.26 
540.0 ,0.0 ,0.0 ,173.0 ,0.0 ,1125.0 ,613.0 ,14 ,5.98 
540.0 ,0.0 ,0.0 ,173.0 ,0.0 ,1125.0 ,613.0 ,28 ,6.73 
540.0 ,0.0 ,0.0 ,173.0 ,0.0 ,1125.0 ,613.0 ,90 ,6.97 
540.0 ,0.0 ,0.0 ,173.0 ,0.0 ,1125.0 ,613.0 ,180 ,7.16 
540.0 ,0.0 ,0.0 ,173.0 ,0.0 ,1125.0 ,613.0 ,270 ,7.42 
350.0 ,0.0 ,0.0 ,203.0 ,0.0 ,974.0 ,775.0 ,7 ,1.81 
350.0 ,0.0 ,0.0 ,203.0 ,0.0 ,974.0 ,775.0 ,14 ,2.25 
350.0 ,0.0 ,0.0 ,203.0 ,0.0 ,974.0 ,775.0 ,28 ,2.73 
350.0 ,0.0 ,0.0 ,203.0 ,0.0 ,974.0 ,775.0 ,56 ,3.00 
350.0 ,0.0 ,0.0 ,203.0 ,0.0 ,974.0 ,775.0 ,90 ,3.14 
350.0 ,0.0 ,0.0 ,203.0 ,0.0 ,974.0 ,775.0 ,180 ,3.27 
385.0 ,0.0 ,0.0 ,186.0 ,0.0 ,966.0 ,763.0 ,1 ,0.63 
385.0 ,0.0 ,0.0 ,186.0 ,0.0 ,966.0 ,763.0 ,3 ,1.47 
385.0 ,0.0 ,0.0 ,186.0 ,0.0 ,966.0 ,763.0 ,7 ,2.32 
385.0 ,0.0 ,0.0 ,186.0 ,0.0 ,966.0 ,763.0 ,14 ,2.79 
385.0 ,0.0 ,0.0 ,186.0 ,0.0 ,966.0 ,763.0 ,28 ,3.14 
331.0 ,0.0 ,0.0 ,192.0 ,0.0 ,978.0 ,825.0 ,180 ,3.90 
331.0 ,0.0 ,0.0 ,192.0 ,0.0 ,978.0 ,825.0 ,360 ,4.12 
349.0 ,0.0 ,0.0 ,192.0 ,0.0 ,1047.0 ,806.0 ,3 ,1.50 
331.0 ,0.0 ,0.0 ,192.0 ,0.0 ,978.0 ,825.0 ,3 ,1.35 
382.0 ,0.0 ,0.0 ,186.0 ,0.0 ,1047.0 ,739.0 ,7 ,2.40 
382.0 ,0.0 ,0.0 ,186.0 ,0.0 ,1047.0 ,739.0 ,28 ,3.74 
382.0 ,0.0 ,0.0 ,186.0 ,0.0 ,1111.0 ,784.0 ,7 ,1.15 
281.0 ,0.0 ,0.0 ,186.0 ,0.0 ,1104.0 ,774.0 ,28 ,2.24 
339.0 ,0.0 ,0.0 ,185.0 ,0.0 ,1069.0 ,754.0 ,7 ,2.12 
339.0 ,0.0 ,0.0 ,185.0 ,0.0 ,1069.0 ,754.0 ,28 ,3.18 
295.0 ,0.0 ,0.0 ,185.0 ,0.0 ,1069.0 ,769.0 ,7 ,1.48 
295.0 ,0.0 ,0.0 ,185.0 ,0.0 ,1069.0 ,769.0 ,28 ,2.52 
238.0 ,0.0 ,0.0 ,185.0 ,0.0 ,1118.0 ,789.0 ,28 ,1.75 
296.0 ,0.0 ,0.0 ,192.0 ,0.0 ,1085.0 ,765.0 ,7 ,1.42 
296.0 ,0.0 ,0.0 ,192.0 ,0.0 ,1085.0 ,765.0 ,28 ,2.16 
296.0 ,0.0 ,0.0 ,192.0 ,0.0 ,1085.0 ,765.0 ,90 ,2.94 
331.0 ,0.0 ,0.0 ,192.0 ,0.0 ,879.0 ,825.0 ,3 ,1.35 
331.0 ,0.0 ,0.0 ,192.0 ,0.0 ,978.0 ,825.0 ,7 ,1.63 
331.0 ,0.0 ,0.0 ,192.0 ,0.0 ,978.0 ,825.0 ,28 ,3.14 
331.0 ,0.0 ,0.0 ,192.0 ,0.0 ,978.0 ,825.0 ,90 ,3.72 
349.0 ,0.0 ,0.0 ,192.0 ,0.0 ,1047.0 ,806.0 ,7 ,1.81 
349.0 ,0.0 ,0.0 ,192.0 ,0.0 ,1047.0 ,806.0 ,28 ,3.27 
349.0 ,0.0 ,0.0 ,192.0 ,0.0 ,1047.0 ,806.0 ,90 ,3.95 
349.0 ,0.0 ,0.0 ,192.0 ,0.0 ,1047.0 ,806.0 ,180 ,4.11 
349.0 ,0.0 ,0.0 ,192.0 ,0.0 ,1047.0 ,806.0 ,360 ,4.21 
302.0 ,0.0 ,0.0 ,203.0 ,0.0 ,974.0 ,817.0 ,14 ,1.81 
302.0 ,0.0 ,0.0 ,203.0 ,0.0 ,974.0 ,817.0 ,180 ,2.67 
525.0 ,0.0 ,0.0 ,189.0 ,0.0 ,1125.0 ,613.0 ,180 ,6.19 
500.0 ,0.0 ,0.0 ,200.0 ,0.0 ,1125.0 ,613.0 ,90 ,4.72 
500.0 ,0.0 ,0.0 ,200.0 ,0.0 ,1125.0 ,613.0 ,180 ,5.10 
500.0 ,0.0 ,0.0 ,200.0 ,0.0 ,1125.0 ,613.0 ,270 ,5.52 
540.0 ,0.0 ,0.0 ,173.0 ,0.0 ,1125.0 ,613.0 ,3 ,4.16 
252.0 ,0.0 ,0.0 ,185.0 ,0.0 ,1111.0 ,784.0 ,7 ,1.37 
252.0 ,0.0 ,0.0 ,185.0 ,0.0 ,1111.0 ,784.0 ,28 ,1.97 
339.0 ,0.0 ,0.0 ,185.0 ,0.0 ,1060.0 ,754.0 ,28 ,3.16 
393.0 ,0.0 ,0.0 ,192.0 ,0.0 ,940.0 ,758.0 ,3 ,1.91 
393.0 ,0.0 ,0.0 ,192.0 ,0.0 ,940.0 ,758.0 ,28 ,3.96 
393.0 ,0.0 ,0.0 ,192.0 ,0.0 ,940.0 ,758.0 ,90 ,4.88 
382.0 ,0.0 ,0.0 ,185.0 ,0.0 ,1047.0 ,739.0 ,7 ,2.40 
382.0 ,0.0 ,0.0 ,185.0 ,0.0 ,1047.0 ,739.0 ,28 ,3.74 
252.0 ,0.0 ,0.0 ,186.0 ,0.0 ,1111.0 ,784.0 ,7 ,1.15 
252.0 ,0.0 ,0.0 ,185.0 ,0.0 ,1111.0 ,784.0 ,28 ,1.97 
310.0 ,0.0 ,0.0 ,192.0 ,0.0 ,970.0 ,850.0 ,7 ,1.50 
310.0 ,0.0 ,0.0 ,192.0 ,0.0 ,970.0 ,850.0 ,28 ,2.79 
310.0 ,0.0 ,0.0 ,192.0 ,0.0 ,970.0 ,850.0 ,90 ,3.47 
310.0 ,0.0 ,0.0 ,192.0 ,0.0 ,970.0 ,850.0 ,180 ,3.73 
310.0 ,0.0 ,0.0 ,192.0 ,0.0 ,970.0 ,850.0 ,360 ,3.81 
525.0 ,0.0 ,0.0 ,189.0 ,0.0 ,1125.0 ,613.0 ,3 ,3.38 
525.0 ,0.0 ,0.0 ,189.0 ,0.0 ,1125.0 ,613.0 ,7 ,4.24 
525.0 ,0.0 ,0.0 ,189.0 ,0.0 ,1125.0 ,613.0 ,14 ,4.84 
525.0 ,0.0 ,0.0 ,189.0 ,0.0 ,1125.0 ,613.0 ,28 ,5.59 
525.0 ,0.0 ,0.0 ,189.0 ,0.0 ,1125.0 ,613.0 ,90 ,5.88 
525.0 ,0.0 ,0.0 ,189.0 ,0.0 ,1125.0 ,613.0 ,270 ,6.71 
322.0 ,0.0 ,0.0 ,203.0 ,0.0 ,974.0 ,800.0 ,14 ,2.08 
322.0 ,0.0 ,0.0 ,203.0 ,0.0 ,974.0 ,800.0 ,28 ,2.52 
322.0 ,0.0 ,0.0 ,203.0 ,0.0 ,974.0 ,800.0 ,180 ,2.96 
302.0 ,0.0 ,0.0 ,203.0 ,0.0 ,974.0 ,817.0 ,28 ,2.18 
397.0 ,0.0 ,0.0 ,185.0 ,0.0 ,1040.0 ,734.0 ,28 ,3.91 
480.0 ,0.0 ,0.0 ,192.0 ,0.0 ,936.0 ,721.0 ,3 ,2.44 
522.0 ,0.0 ,0.0 ,146.0 ,0.0 ,896.0 ,896.0 ,7 ,5.05 
522.0 ,0.0 ,0.0 ,146.0 ,0.0 ,896.0 ,896.0 ,28 ,7.50 
273.0 ,105.0 ,82.0 ,210.0 ,9.0 ,904.0 ,680.0 ,28 ,3.72 
162.0 ,190.0 ,148.0 ,179.0 ,19.0 ,838.0 ,741.0 ,28 ,3.38 
154.0 ,144.0 ,112.0 ,220.0 ,10.0 ,923.0 ,658.0 ,28 ,1.65 
147.0 ,115.0 ,89.0 ,202.0 ,9.0 ,860.0 ,829.0 ,28 ,2.00 
152.0 ,178.0 ,139.0 ,168.0 ,18.0 ,944.0 ,695.0 ,28 ,3.63 
310.0 ,143.0 ,111.0 ,168.0 ,22.0 ,914.0 ,651.0 ,28 ,3.37 
144.0 ,0.0 ,175.0 ,158.0 ,18.0 ,943.0 ,844.0 ,28 ,1.54 
304.0 ,140.0 ,0.0 ,214.0 ,6.0 ,895.0 ,722.0 ,28 ,3.34 
374.0 ,0.0 ,0.0 ,190.0 ,7.0 ,1013.0 ,730.0 ,28 ,3.91 
159.0 ,149.0 ,116.0 ,175.0 ,15.0 ,953.0 ,720.0 ,28 ,2.77 
153.0 ,239.0 ,0.0 ,200.0 ,6.0 ,1002.0 ,684.0 ,28 ,2.69 
310.0 ,143.0 ,0.0 ,168.0 ,10.0 ,914.0 ,804.0 ,28 ,4.53 
305.0 ,0.0 ,100.0 ,196.0 ,10.0 ,959.0 ,705.0 ,28 ,3.01 
151.0 ,0.0 ,184.0 ,167.0 ,12.0 ,991.0 ,772.0 ,28 ,1.56 
142.0 ,167.0 ,130.0 ,174.0 ,11.0 ,883.0 ,785.0 ,28 ,4.46 
298.0 ,137.0 ,107.0 ,201.0 ,6.0 ,878.0 ,655.0 ,28 ,5.35 
321.0 ,164.0 ,0.0 ,190.0 ,5.0 ,870.0 ,774.0 ,28 ,5.72 
366.0 ,187.0 ,0.0 ,191.0 ,7.0 ,824.0 ,757.0 ,28 ,6.59 
280.0 ,129.0 ,100.0 ,172.0 ,9.0 ,825.0 ,805.0 ,28 ,5.28 
252.0 ,97.0 ,76.0 ,194.0 ,8.0 ,835.0 ,821.0 ,28 ,3.34 
165.0 ,0.0 ,150.0 ,182.0 ,12.0 ,1023.0 ,729.0 ,28 ,1.80 
156.0 ,243.0 ,0.0 ,180.0 ,11.0 ,1022.0 ,698.0 ,28 ,3.74 
160.0 ,188.0 ,146.0 ,203.0 ,11.0 ,829.0 ,710.0 ,28 ,3.28 
298.0 ,0.0 ,107.0 ,186.0 ,6.0 ,879.0 ,815.0 ,28 ,4.26 
318.0 ,0.0 ,126.0 ,210.0 ,6.0 ,861.0 ,737.0 ,28 ,4.01 
287.0 ,121.0 ,94.0 ,188.0 ,9.0 ,904.0 ,696.0 ,28 ,4.19 
326.0 ,166.0 ,0.0 ,174.0 ,9.0 ,882.0 ,790.0 ,28 ,6.12 
356.0 ,0.0 ,142.0 ,193.0 ,11.0 ,801.0 ,778.0 ,28 ,4.09 
132.0 ,207.0 ,161.0 ,179.0 ,5.0 ,867.0 ,736.0 ,28 ,3.33 
322.0 ,149.0 ,0.0 ,186.0 ,8.0 ,951.0 ,709.0 ,28 ,5.24 
164.0 ,0.0 ,200.0 ,181.0 ,13.0 ,849.0 ,846.0 ,28 ,1.51 
314.0 ,0.0 ,113.0 ,170.0 ,10.0 ,925.0 ,783.0 ,28 ,3.85 
321.0 ,0.0 ,128.0 ,182.0 ,11.0 ,870.0 ,780.0 ,28 ,3.73 
140.0 ,164.0 ,128.0 ,237.0 ,6.0 ,869.0 ,656.0 ,28 ,3.52 
288.0 ,121.0 ,0.0 ,177.0 ,7.0 ,908.0 ,829.0 ,28 ,4.21 
298.0 ,0.0 ,107.0 ,210.0 ,11.0 ,880.0 ,744.0 ,28 ,3.19 
265.0 ,111.0 ,86.0 ,195.0 ,6.0 ,833.0 ,790.0 ,28 ,4.15 
160.0 ,250.0 ,0.0 ,168.0 ,12.0 ,1049.0 ,688.0 ,28 ,3.95 
166.0 ,260.0 ,0.0 ,183.0 ,13.0 ,859.0 ,827.0 ,28 ,3.79 
276.0 ,116.0 ,90.0 ,180.0 ,9.0 ,870.0 ,768.0 ,28 ,4.43 
322.0 ,0.0 ,116.0 ,196.0 ,10.0 ,818.0 ,813.0 ,28 ,3.12 
149.0 ,139.0 ,109.0 ,193.0 ,6.0 ,892.0 ,780.0 ,28 ,2.37 
159.0 ,187.0 ,0.0 ,176.0 ,11.0 ,990.0 ,789.0 ,28 ,3.28 
261.0 ,100.0 ,78.0 ,201.0 ,9.0 ,864.0 ,761.0 ,28 ,3.24 
237.0 ,92.0 ,71.0 ,247.0 ,6.0 ,853.0 ,695.0 ,28 ,2.86 
313.0 ,0.0 ,113.0 ,178.0 ,8.0 ,1002.0 ,689.0 ,28 ,3.68 
155.0 ,183.0 ,0.0 ,193.0 ,9.0 ,1047.0 ,697.0 ,28 ,1.83 
146.0 ,230.0 ,0.0 ,202.0 ,3.0 ,827.0 ,872.0 ,28 ,3.31 
296.0 ,0.0 ,107.0 ,221.0 ,11.0 ,819.0 ,778.0 ,28 ,3.14 
133.0 ,210.0 ,0.0 ,196.0 ,3.0 ,949.0 ,795.0 ,28 ,3.10 
313.0 ,145.0 ,0.0 ,178.0 ,8.0 ,867.0 ,824.0 ,28 ,4.44 
152.0 ,0.0 ,112.0 ,184.0 ,8.0 ,992.0 ,816.0 ,28 ,1.22 
153.0 ,145.0 ,113.0 ,178.0 ,8.0 ,1002.0 ,689.0 ,28 ,2.56 
140.0 ,133.0 ,103.0 ,200.0 ,7.0 ,916.0 ,753.0 ,28 ,3.64 
149.0 ,236.0 ,0.0 ,176.0 ,13.0 ,847.0 ,893.0 ,28 ,3.30 
300.0 ,0.0 ,120.0 ,212.0 ,10.0 ,878.0 ,728.0 ,28 ,2.38 
153.0 ,145.0 ,113.0 ,178.0 ,8.0 ,867.0 ,824.0 ,28 ,2.62 
148.0 ,0.0 ,137.0 ,158.0 ,16.0 ,1002.0 ,830.0 ,28 ,1.80 
326.0 ,0.0 ,138.0 ,199.0 ,11.0 ,801.0 ,792.0 ,28 ,4.07 
153.0 ,145.0 ,0.0 ,178.0 ,8.0 ,1000.0 ,822.0 ,28 ,1.90 
262.0 ,111.0 ,86.0 ,195.0 ,5.0 ,895.0 ,733.0 ,28 ,3.37 
158.0 ,0.0 ,195.0 ,220.0 ,11.0 ,898.0 ,713.0 ,28 ,0.85 
151.0 ,0.0 ,185.0 ,167.0 ,16.0 ,1074.0 ,678.0 ,28 ,1.35 
273.0 ,0.0 ,90.0 ,199.0 ,11.0 ,931.0 ,762.0 ,28 ,3.22 
149.0 ,118.0 ,92.0 ,183.0 ,7.0 ,953.0 ,780.0 ,28 ,2.35 
143.0 ,169.0 ,143.0 ,191.0 ,8.0 ,967.0 ,643.0 ,28 ,2.97 
260.0 ,101.0 ,78.0 ,171.0 ,10.0 ,936.0 ,763.0 ,28 ,4.98 
313.0 ,161.0 ,0.0 ,178.0 ,10.0 ,917.0 ,759.0 ,28 ,5.24 
284.0 ,120.0 ,0.0 ,168.0 ,7.0 ,970.0 ,794.0 ,28 ,4.09 
336.0 ,0.0 ,0.0 ,182.0 ,3.0 ,986.0 ,817.0 ,28 ,4.49 
145.0 ,0.0 ,134.0 ,181.0 ,11.0 ,979.0 ,812.0 ,28 ,1.32 
150.0 ,237.0 ,0.0 ,174.0 ,12.0 ,1069.0 ,675.0 ,28 ,3.74 
144.0 ,170.0 ,133.0 ,192.0 ,8.0 ,814.0 ,805.0 ,28 ,2.99 
331.0 ,170.0 ,0.0 ,195.0 ,8.0 ,811.0 ,802.0 ,28 ,5.66 
155.0 ,0.0 ,143.0 ,193.0 ,9.0 ,1047.0 ,697.0 ,28 ,1.25 
155.0 ,183.0 ,0.0 ,193.0 ,9.0 ,877.0 ,868.0 ,28 ,2.38 
135.0 ,0.0 ,166.0 ,180.0 ,10.0 ,961.0 ,805.0 ,28 ,1.33 
266.0 ,112.0 ,87.0 ,178.0 ,10.0 ,910.0 ,745.0 ,28 ,3.94 
314.0 ,145.0 ,113.0 ,179.0 ,8.0 ,869.0 ,690.0 ,28 ,4.62 
313.0 ,145.0 ,0.0 ,127.0 ,8.0 ,1000.0 ,822.0 ,28 ,4.45 
146.0 ,173.0 ,0.0 ,182.0 ,3.0 ,986.0 ,817.0 ,28 ,2.37 
144.0 ,136.0 ,106.0 ,178.0 ,7.0 ,941.0 ,774.0 ,28 ,2.61 
148.0 ,0.0 ,182.0 ,181.0 ,15.0 ,839.0 ,884.0 ,28 ,1.55 
277.0 ,117.0 ,91.0 ,191.0 ,7.0 ,946.0 ,666.0 ,28 ,4.36 
298.0 ,0.0 ,107.0 ,164.0 ,13.0 ,953.0 ,784.0 ,28 ,3.59 
313.0 ,145.0 ,0.0 ,178.0 ,8.0 ,1002.0 ,689.0 ,28 ,4.11 
155.0 ,184.0 ,143.0 ,194.0 ,9.0 ,880.0 ,699.0 ,28 ,2.90 
289.0 ,134.0 ,0.0 ,195.0 ,6.0 ,924.0 ,760.0 ,28 ,4.62 
148.0 ,175.0 ,0.0 ,171.0 ,2.0 ,1000.0 ,828.0 ,28 ,2.69 
145.0 ,0.0 ,179.0 ,202.0 ,8.0 ,824.0 ,869.0 ,28 ,1.05 
313.0 ,0.0 ,0.0 ,178.0 ,8.0 ,1000.0 ,822.0 ,28 ,2.51 
136.0 ,162.0 ,126.0 ,172.0 ,10.0 ,923.0 ,764.0 ,28 ,2.91 
155.0 ,0.0 ,143.0 ,193.0 ,9.0 ,877.0 ,868.0 ,28 ,0.97 
255.0 ,99.0 ,77.0 ,189.0 ,6.0 ,919.0 ,749.0 ,28 ,3.38 
162.0 ,207.0 ,172.0 ,216.0 ,10.0 ,822.0 ,638.0 ,28 ,3.98 
136.0 ,196.0 ,98.0 ,199.0 ,6.0 ,847.0 ,783.0 ,28 ,2.70 
164.0 ,163.0 ,128.0 ,197.0 ,8.0 ,961.0 ,641.0 ,28 ,2.72 
162.0 ,214.0 ,164.0 ,202.0 ,10.0 ,820.0 ,680.0 ,28 ,3.06 
157.0 ,214.0 ,152.0 ,200.0 ,9.0 ,819.0 ,704.0 ,28 ,3.31 
149.0 ,153.0 ,194.0 ,192.0 ,8.0 ,935.0 ,623.0 ,28 ,2.46 
135.0 ,105.0 ,193.0 ,196.0 ,6.0 ,965.0 ,643.0 ,28 ,2.19 
159.0 ,209.0 ,161.0 ,201.0 ,7.0 ,848.0 ,669.0 ,28 ,3.09 
144.0 ,15.0 ,195.0 ,176.0 ,6.0 ,1021.0 ,709.0 ,28 ,1.53 
154.0 ,174.0 ,185.0 ,228.0 ,7.0 ,845.0 ,612.0 ,28 ,2.43 
167.0 ,187.0 ,195.0 ,185.0 ,7.0 ,898.0 ,636.0 ,28 ,2.39 
184.0 ,86.0 ,190.0 ,213.0 ,6.0 ,923.0 ,623.0 ,28 ,2.29 
156.0 ,178.0 ,187.0 ,221.0 ,7.0 ,854.0 ,614.0 ,28 ,2.94 
236.9 ,91.7 ,71.5 ,246.9 ,6.0 ,852.9 ,695.4 ,28 ,2.86 
313.3 ,0.0 ,113.0 ,178.5 ,8.0 ,1001.9 ,688.7 ,28 ,3.68 
154.8 ,183.4 ,0.0 ,193.3 ,9.1 ,1047.4 ,696.7 ,28 ,1.83 
145.9 ,230.5 ,0.0 ,202.5 ,3.4 ,827.0 ,871.8 ,28 ,3.27 
296.0 ,0.0 ,106.7 ,221.4 ,10.5 ,819.2 ,778.4 ,28 ,3.14 
133.1 ,210.2 ,0.0 ,195.7 ,3.1 ,949.4 ,795.3 ,28 ,2.89 
313.3 ,145.0 ,0.0 ,178.5 ,8.0 ,867.2 ,824.0 ,28 ,4.09 
151.6 ,0.0 ,111.9 ,184.4 ,7.9 ,992.0 ,815.9 ,28 ,1.22 
153.1 ,145.0 ,113.0 ,178.5 ,8.0 ,1001.9 ,688.7 ,28 ,2.56 
139.9 ,132.6 ,103.3 ,200.3 ,7.4 ,916.0 ,753.4 ,28 ,3.64 
149.5 ,236.0 ,0.0 ,175.8 ,12.6 ,846.8 ,892.7 ,28 ,3.30 
299.8 ,0.0 ,119.8 ,211.5 ,9.9 ,878.2 ,727.6 ,28 ,2.38 
153.1 ,145.0 ,113.0 ,178.5 ,8.0 ,867.2 ,824.0 ,28 ,2.62 
148.1 ,0.0 ,136.6 ,158.1 ,16.1 ,1001.8 ,830.1 ,28 ,1.80 
326.5 ,0.0 ,137.9 ,199.0 ,10.8 ,801.1 ,792.5 ,28 ,3.86 
152.7 ,144.7 ,0.0 ,178.1 ,8.0 ,999.7 ,822.2 ,28 ,1.90 
261.9 ,110.5 ,86.1 ,195.4 ,5.0 ,895.2 ,732.6 ,28 ,3.37 
158.4 ,0.0 ,194.9 ,219.7 ,11.0 ,897.7 ,712.9 ,28 ,0.85 
150.7 ,0.0 ,185.3 ,166.7 ,15.6 ,1074.5 ,678.0 ,28 ,1.35 
272.6 ,0.0 ,89.6 ,198.7 ,10.6 ,931.3 ,762.2 ,28 ,3.22 
149.0 ,117.6 ,91.7 ,182.9 ,7.1 ,953.4 ,780.3 ,28 ,2.35 
143.0 ,169.4 ,142.7 ,190.7 ,8.4 ,967.4 ,643.5 ,28 ,2.97 
259.9 ,100.6 ,78.4 ,170.6 ,10.4 ,935.7 ,762.9 ,28 ,4.98 
312.9 ,160.5 ,0.0 ,177.6 ,9.6 ,916.6 ,759.5 ,28 ,5.24 
284.0 ,119.7 ,0.0 ,168.3 ,7.2 ,970.4 ,794.2 ,28 ,4.09 
336.5 ,0.0 ,0.0 ,181.9 ,3.4 ,985.8 ,816.8 ,28 ,4.49 
144.8 ,0.0 ,133.6 ,180.8 ,11.1 ,979.5 ,811.5 ,28 ,1.32 
150.0 ,236.8 ,0.0 ,173.8 ,11.9 ,1069.3 ,674.8 ,28 ,3.74 
143.7 ,170.2 ,132.6 ,191.6 ,8.5 ,814.1 ,805.3 ,28 ,2.99 
330.5 ,169.6 ,0.0 ,194.9 ,8.1 ,811.0 ,802.3 ,28 ,5.66 
154.8 ,0.0 ,142.8 ,193.3 ,9.1 ,1047.4 ,696.7 ,28 ,1.25 
154.8 ,183.4 ,0.0 ,193.3 ,9.1 ,877.2 ,867.7 ,28 ,2.38 
134.7 ,0.0 ,165.7 ,180.2 ,10.0 ,961.0 ,804.9 ,28 ,1.33 
266.2 ,112.3 ,87.5 ,177.9 ,10.4 ,909.7 ,744.5 ,28 ,3.94 
314.0 ,145.3 ,113.2 ,178.9 ,8.0 ,869.1 ,690.2 ,28 ,4.62 
312.7 ,144.7 ,0.0 ,127.3 ,8.0 ,999.7 ,822.2 ,28 ,4.45 
145.7 ,172.6 ,0.0 ,181.9 ,3.4 ,985.8 ,816.8 ,28 ,2.37 
143.8 ,136.3 ,106.2 ,178.1 ,7.5 ,941.5 ,774.3 ,28 ,2.61 
148.1 ,0.0 ,182.1 ,181.4 ,15.0 ,838.9 ,884.3 ,28 ,1.55 
277.0 ,116.8 ,91.0 ,190.6 ,7.0 ,946.5 ,665.6 ,28 ,4.36 
298.1 ,0.0 ,107.5 ,163.6 ,12.8 ,953.2 ,784.0 ,28 ,3.59 
313.3 ,145.0 ,0.0 ,178.5 ,8.0 ,1001.9 ,688.7 ,28 ,4.11 
155.2 ,183.9 ,143.2 ,193.8 ,9.2 ,879.6 ,698.5 ,28 ,2.90 
289.0 ,133.7 ,0.0 ,194.9 ,5.5 ,924.1 ,760.1 ,28 ,4.62 
147.8 ,175.1 ,0.0 ,171.2 ,2.2 ,1000.0 ,828.5 ,28 ,2.69 
145.4 ,0.0 ,178.9 ,201.7 ,7.8 ,824.0 ,868.7 ,28 ,1.05 
312.7 ,0.0 ,0.0 ,178.1 ,8.0 ,999.7 ,822.2 ,28 ,2.51 
136.4 ,161.6 ,125.8 ,171.6 ,10.4 ,922.6 ,764.4 ,28 ,2.91 
154.8 ,0.0 ,142.8 ,193.3 ,9.1 ,877.2 ,867.7 ,28 ,0.97 
255.3 ,98.8 ,77.0 ,188.6 ,6.5 ,919.0 ,749.3 ,28 ,3.38 
272.8 ,105.1 ,81.8 ,209.7 ,9.0 ,904.0 ,679.7 ,28 ,3.72 
162.0 ,190.1 ,148.1 ,178.8 ,18.8 ,838.1 ,741.4 ,28 ,3.38 
153.6 ,144.2 ,112.3 ,220.1 ,10.1 ,923.2 ,657.9 ,28 ,1.65 
146.5 ,114.6 ,89.3 ,201.9 ,8.8 ,860.0 ,829.5 ,28 ,2.00 
151.8 ,178.1 ,138.7 ,167.5 ,18.3 ,944.0 ,694.6 ,28 ,3.63 
309.9 ,142.8 ,111.2 ,167.8 ,22.1 ,913.9 ,651.2 ,28 ,3.82 
143.6 ,0.0 ,174.9 ,158.4 ,17.9 ,942.7 ,844.5 ,28 ,1.54 
303.6 ,139.9 ,0.0 ,213.5 ,6.2 ,895.5 ,722.5 ,28 ,3.34 
374.3 ,0.0 ,0.0 ,190.2 ,6.7 ,1013.2 ,730.4 ,28 ,3.91 
158.6 ,148.9 ,116.0 ,175.1 ,15.0 ,953.3 ,719.7 ,28 ,2.77 
152.6 ,238.7 ,0.0 ,200.0 ,6.3 ,1001.8 ,683.9 ,28 ,2.69 
310.0 ,142.8 ,0.0 ,167.9 ,10.0 ,914.3 ,804.0 ,28 ,4.53 
304.8 ,0.0 ,99.6 ,196.0 ,9.8 ,959.4 ,705.2 ,28 ,3.01 
150.9 ,0.0 ,183.9 ,166.6 ,11.6 ,991.2 ,772.2 ,28 ,1.56 
141.9 ,166.6 ,129.7 ,173.5 ,10.9 ,882.6 ,785.3 ,28 ,4.46 
297.8 ,137.2 ,106.9 ,201.3 ,6.0 ,878.4 ,655.3 ,28 ,5.35 
321.3 ,164.2 ,0.0 ,190.5 ,4.6 ,870.0 ,774.0 ,28 ,5.72 
366.0 ,187.0 ,0.0 ,191.3 ,6.6 ,824.3 ,756.9 ,28 ,6.59 
279.8 ,128.9 ,100.4 ,172.4 ,9.5 ,825.1 ,804.9 ,28 ,5.28 
252.1 ,97.1 ,75.6 ,193.8 ,8.3 ,835.5 ,821.4 ,28 ,3.34 
164.6 ,0.0 ,150.4 ,181.6 ,11.7 ,1023.3 ,728.9 ,28 ,1.80 
155.6 ,243.5 ,0.0 ,180.3 ,10.7 ,1022.0 ,697.7 ,28 ,3.74 
160.2 ,188.0 ,146.4 ,203.2 ,11.3 ,828.7 ,709.7 ,28 ,3.53 
298.1 ,0.0 ,107.0 ,186.4 ,6.1 ,879.0 ,815.2 ,28 ,4.26 
317.9 ,0.0 ,126.5 ,209.7 ,5.7 ,860.5 ,736.6 ,28 ,4.01 
287.3 ,120.5 ,93.9 ,187.6 ,9.2 ,904.4 ,695.9 ,28 ,4.38 
325.6 ,166.4 ,0.0 ,174.0 ,8.9 ,881.6 ,790.0 ,28 ,6.12 
355.9 ,0.0 ,141.6 ,193.3 ,11.0 ,801.4 ,778.4 ,28 ,4.09 
132.0 ,206.5 ,160.9 ,178.9 ,5.5 ,866.9 ,735.6 ,28 ,3.33 
322.5 ,148.6 ,0.0 ,185.8 ,8.5 ,951.0 ,709.5 ,28 ,5.24 
164.2 ,0.0 ,200.1 ,181.2 ,12.6 ,849.3 ,846.0 ,28 ,1.51 
313.8 ,0.0 ,112.6 ,169.9 ,10.1 ,925.3 ,782.9 ,28 ,3.85 
321.4 ,0.0 ,127.9 ,182.5 ,11.5 ,870.1 ,779.7 ,28 ,3.73 
139.7 ,163.9 ,127.7 ,236.7 ,5.8 ,868.6 ,655.6 ,28 ,3.52 
288.4 ,121.0 ,0.0 ,177.4 ,7.0 ,907.9 ,829.5 ,28 ,4.21 
298.2 ,0.0 ,107.0 ,209.7 ,11.1 ,879.6 ,744.2 ,28 ,3.19 
264.5 ,111.0 ,86.5 ,195.5 ,5.9 ,832.6 ,790.4 ,28 ,4.15 
159.8 ,250.0 ,0.0 ,168.4 ,12.2 ,1049.3 ,688.2 ,28 ,3.95 
166.0 ,259.7 ,0.0 ,183.2 ,12.7 ,858.8 ,826.8 ,28 ,3.79 
276.4 ,116.0 ,90.3 ,179.6 ,8.9 ,870.1 ,768.3 ,28 ,4.43 
322.2 ,0.0 ,115.6 ,196.0 ,10.4 ,817.9 ,813.4 ,28 ,3.12 
148.5 ,139.4 ,108.6 ,192.7 ,6.1 ,892.4 ,780.0 ,28 ,2.37 
159.1 ,186.7 ,0.0 ,175.6 ,11.3 ,989.6 ,788.9 ,28 ,3.28 
260.9 ,100.5 ,78.3 ,200.6 ,8.6 ,864.5 ,761.5 ,28 ,3.24 
